Join_Count,TARGET_FID,objectid_1,dist_numc,Shape__Are,Shape__Len,complaint_,date_recei,district_c,general_ca,summary,incident_d,incident_t,objectid_c,my_column,complainan,complain_1,complain_2,objectid_d,complain_3,complain_4,complain_5,complaint1,date_rec_1,summary_Co,Shape_Leng,Shape_Area
0,0,0,24,24312020.3398,23679.8913393,,,0,,,,,0,0,,,0,0,,0,,,,,23679.8913429,24312020.157
0,1,0,14,51452723.6758,37264.0076081,,,0,,,,,0,0,,,0,0,,0,,,,,37264.0075968,51452723.655
249,2,0,15,48860393.8555,35748.6436666,21-0005,2021-01-08T05:00:00Z,15,LACK OF SERVICE,"Beginning September of 2020, while in the confines of the 15th District, the complainant did not receive proper service from a 15th District Officer. The officer has refused to take their police reports of a neighbor dispute. The complainant states that",NA,NA,6,1500,Male,Latino,51,7,249,249,249,249,249,249,35748.6436201,48860393.7821
217,3,0,19,28236487.2422,28526.6062015,21-0008,2021-01-11T05:00:00Z,19,DEPARTMENTAL VIOLATIONS,"On 1-7-21 at 12:04 AM, the complainant’s vehicle was issued a ticket for parking in a handicap spot. The complainant states that the officer, who issued the ticket, deliberately disregarded the handicap card that was clearly visible in the window. T",2021-01-07,00:04:00,9,1900,Female,Black,49,10,217,217,217,217,217,217,28526.6066108,28236487.2994
64,4,0,01,34168000.2617,32647.7776358,21-0101,2021-03-04T05:00:00Z,1,LACK OF SERVICE,"The complainants state they did not receive proper service from a sergeant and an officer assigned to the 1st District, while in the confines of the 1st District. On 1-29-21, they went to a police facility to report a fraud. They supplied all the paperwo",2021-01-29,NA,105,100,Female,Black,0,110,64,64,64,64,64,64,32647.7776063,34168000.3132
54,5,0,05,33822411.2266,28776.7998208,21-0073,2021-02-16T05:00:00Z,5,CRIMINAL ALLEGATION,"According to the complainant, on 2-2-21 at 10:39 PM, an off duty officer struck a building and left the scene of the accident. The complainant went to the district the next day to follow-up and was informed that it was a civil matter. The complainant kno",2021-02-02,22:39:00,77,500,Male,NA,0,81,54,54,54,54,54,54,28776.7997786,33822411.2908
173,6,0,39,25034342.5078,23171.6885495,21-0034,2021-01-27T05:00:00Z,39,DOMESTIC,"The complainant is alleging a domestic assault by an off-duty, 39th District Officer, while in the confines of the 14th District. On 1-24-21 at 6:00 AM, they went to a residence to meet with the officer, as the officer requested. When they arrived, there",2021-01-24,06:00:00,35,3900,Female,Black,35,37,173,173,173,173,173,173,23171.688402,25034342.3778
376,7,0,35,24507767.6602,20606.0538577,21-0015,2021-01-14T05:00:00Z,35,CIVIL RIGHTS COMPLAINT,"According to the complainants, on 1-8-21 at 10:53 AM, they were discriminated against, did not receive proper service and departmental policies were violated by an officer while in the confines of the 35th District. The complainants were involved in an a",2021-01-08,10:53:00,16,3500,Female,Black,30,17,376,376,376,376,376,376,20606.0538865,24507767.6145
139,8,0,08,75048813.3516,40794.6844742,25-0680,2025-12-30T05:00:00Z,8,CONFIDENTIAL INVESTIGATION*,"According to the complainant, between April through October of 2025, while in the confines of the 8th District, they alleged a criminal allegation against officers assigned to the Personnel Unit. They alleged embezzlement, theft, receiving stolen propert",NA,NA,1,800,Male,White,65,1,139,139,139,139,139,139,40794.6840429,75048813.4514
148,9,0,02,30530520.1211,25319.4666863,21-0009,2021-01-12T05:00:00Z,2,DEPARTMENTAL VIOLATIONS,"According to the complainant, on 1-5-21, a police vehicle drove up on the lawn and removed a fence.",2021-01-05,NA,10,200,NA,NA,0,11,148,148,148,148,148,148,25319.466809,30530520.2658
427,10,0,25,18758570.2188,19890.7846284,21-0003,2021-01-08T05:00:00Z,25,LACK OF SERVICE,"On 1-4-21 at 1:10 PM, the complainant was involved in an auto accident with a vehicle that was doubled parked. The complainant asked officers to ticket the other vehicle, but was told it was at the discretion of the officer. The complainant alleged they",2021-01-04,13:10:00,4,2500,Male,Black,59,5,427,427,427,427,427,427,19890.784686,18758570.2731
72,11,0,07,55282553.8047,36035.5612791,21-0065,2021-02-16T05:00:00Z,7,LACK OF SERVICE,"According to the complainant, on 2-8-21 between 10:00 PM and 12:00 AM, two employees of a pharmacy store, in the confines of the 7th District, called 911 three times but police never arrived. The complainant states that the employees called 911 to have a",2021-02-08,22:00:00,69,700,Female,White,40,73,72,72,72,72,72,72,36035.5616268,55282553.8267
209,12,0,22,19017090.457,18206.7030209,21-0014,2021-01-14T05:00:00Z,22,PHYSICAL ABUSE,"The complainant was stopped by police on 1-12-21 at 12:00 AM, while attempting to turn down a do not enter street. The officers proceeded to get very aggressive with the complainant who was grabbed out of their vehicle and handcuffed. The complainant and",2021-01-12,00:00:00,15,2200,Male,Black,32,16,209,209,209,209,209,209,18206.7030605,19017090.5055
76,13,0,26,15398089.6094,15460.0784412,21-0016,2021-01-14T05:00:00Z,26,DEPARTMENTAL VIOLATIONS,"According to the complainant, on 1-7-21 at 4:30 PM, while in the confines of the 26th District, an officer inaccurately completed police documents. The complainant states that they were involved in an auto accident. The officer arrived and was not concer",2021-01-07,16:30:00,17,2600,Male,Black,36,19,76,76,76,76,76,76,15460.0786955,15398089.6808
479,14,0,09,20206423.9062,20806.9132587,21-0001,2021-01-07T05:00:00Z,6,*VERBAL ABUSE,"On 1-4-21 at 11:00 AM, they parked their vehicle and as one of the complainants was opening the door for their spouse, an unmarked police car sped up past them towards a red light. The complainant said under their breath, “Are you serious”? The",2021-01-04,11:00:00,2,600,Male,White,0,2,479,479,479,479,479,479,20806.9130633,20206423.7657
181,15,0,12,49441827.457,43830.7721896,21-0002,2021-01-07T05:00:00Z,12,PHYSICAL ABUSE,"According to the complainant, on 1-4-21 at 9:00 PM, while in the confines of the 12th District, they called police because of a disturbance they were having with their spouse. The complainant states that when the responding officers noticed that their sp",2021-01-04,21:00:00,3,1200,Female,Black,52,4,181,181,181,181,181,181,43830.7723627,49441827.5572
0,16,0,77,3373766.83203,9104.3423903,,,0,,,,,0,0,,,0,0,,0,,,,,9104.34231342,3373766.79714
211,17,0,18,15621983.4766,21433.301331,21-0010,2021-01-12T05:00:00Z,18,DEPARTMENTAL VIOLATIONS,"According to the complainant, on 1-8-21 at 12:30 AM, while in the confines of the 18th District, they were attempting to make a U-Turn, when an officer headed northbound and impeded their ability to make a safe U-Turn. The officer harassed and threatened",2021-01-08,00:30:00,11,1800,Male,Black,48,12,211,211,211,211,211,211,21433.3013126,15621983.4356
102,18,0,16,19316518.7617,27595.3503102,21-0013,2021-01-12T05:00:00Z,16,LACK OF SERVICE,"On 8-27-20 at 8:01 AM, while in the confines of the 16th District, they did not receive proper service from an officer assigned to the Accident Investigation Division. The complainant states that a family member was the victim of a fatal auto-pedestrian",2020-08-27,08:01:00,14,1600,Male,Black,57,15,102,102,102,102,102,102,27595.3504436,19316518.7696
119,19,0,03,29061259.4844,21994.9398521,21-0087,2021-02-23T05:00:00Z,3,PHYSICAL ABUSE,"According to the complainant, on 1-31-21 at 4:00 PM, while in the confines of the 3rd District, they were physically abused and a false report was made by an unknown officer. An officer knocked on their door and asked them about a family member. After a",2021-01-31,16:00:00,91,300,Female,Black,37,96,119,119,119,119,119,119,21994.9398437,29061259.3256
50,20,0,17,9121482.74219,13054.2037673,21-0039,2021-02-08T05:00:00Z,17,UNPROFESSIONAL CONDUCT,"The complainant states a detective assigned to the Special Victims Unit, an unknown detective and an unknown officer violated departmental policies while in the confines of the 12th District. On 1-28-21 at 6:45 AM, two detectives and an officer arrived a",2021-01-28,06:45:00,41,1700,Female,Black,35,42,50,50,50,50,50,50,13054.2036689,9121482.76718
