"","OBJECTID_1","AGE","RACE","SEX","TYPE","DATE_","UNIT","ACTION","STATUS","LONG_","LAT"
"1",12,56,"White","Female","ABUSE OF AUTHORITY",1348531200000,"UNKNOWN","AUDIT","Open",-75.0437,40.084558
"2",14,19,"White","Male","ABUSE OF AUTHORITY",1.241568e+12,"District 1","REJECT","Closed",-75.172287,39.914297
"3",15,30,"White","Female","ABUSE OF AUTHORITY",1.243296e+12,"District 1","AUDIT","Closed",-75.179078,39.921601
"4",17,30,"White","Male","LACK OF SERVICE",1243814400000,"District 1","AUDIT","Closed",-75.183298,39.924889
"5",18,47,"White","Female","ABUSE OF AUTHORITY",1246838400000,"District 1","REJECT","Closed",-75.178977,39.928477
"6",23,48,"White","Female","ABUSE OF AUTHORITY",1277251200000,"District 1","WITHDRAWN","Closed",-75.186081,39.918659
"7",27,53,"White","Female","PHYSICAL ABUSE",1315785600000,"District 1","Reject","Closed",-75.166582,39.907111
"8",28,46,"White","Male","ABUSE OF AUTHORITY",1342051200000,"District 1","AUDIT","OPEN",-75.173758,39.921104
"9",91,28,"White","Male","PHYSICAL ABUSE",1236124800000,"District 15","ACCEPT","Open",-75.048833,40.037713
"10",92,24,"White","Female","PHYSICAL ABUSE",1236556800000,"District 15","ACCEPT","Open",-75.038375,40.03762
"11",93,48,"White","Female","ABUSE OF AUTHORITY",1238457600000,"District 15","REJECT","Closed",-75.042528,40.023262
"12",101,45,"White","Female","PHYSICAL ABUSE",1272412800000,"District 15","ACCEPT","Open",-75.070917,40.012443
"13",106,57,"White","Male","ABUSE OF AUTHORITY",1275955200000,"District 15","REJECT","Closed",-75.046213,40.031505
"14",109,58,"White","Female","ABUSE OF AUTHORITY",1.281312e+12,"District 15","NAR","Closed",-75.031103,40.034381
"15",110,50,"White","Male","PHYSICAL ABUSE",1281571200000,"District 15","ACCEPT","Open",-75.079855,39.996794
"16",116,21,"White","Male","PHYSICAL ABUSE",1288742400000,"District 15","ACCEPT","Closed",-75.06319,40.031568
"17",119,33,"White","Male","ABUSE OF AUTHORITY",1297036800000,"District 15","REJECT","Closed",-75.077282,40.00749
"18",121,52,"White","Female","PHYSICAL ABUSE",1307318400000,"District 15","Reject","Closed",-75.055873,40.020831
"19",131,44,"White","Female","LACK OF SERVICE",1245628800000,"District 16","REJECT","Closed",-75.220951,39.967554
"20",135,48,"White","Female","NO MISCONDUCT",1254355200000,"District 16","REJECT","Closed",-75.183335,39.95482
"21",141,18,"White","Female","ABUSE OF AUTHORITY",1345507200000,"District 16","ACCEPT","Open",-75.205879,39.977057
"22",160,24,"White","Male","ABUSE OF AUTHORITY",1315267200000,"District 17","Accept","Closed",-75.175845,39.941222
"23",167,55,"White","Male","PHYSICAL ABUSE",1242604800000,"District 18","ACCEPT","Open",-75.199623,39.956862
"24",177,31,"White","Male","ABUSE OF AUTHORITY",1268179200000,"District 18","NAR","Closed",-75.214919,39.949747
"25",179,31,"White","Male","ABUSE OF AUTHORITY",1.2852e+12,"District 18","NAR","Closed",-75.209838,39.956345
"26",228,35,"White","Female","ABUSE OF AUTHORITY",1243468800000,"District 2","ACCEPT","Open",-75.111163,40.035618
"27",231,46,"White","Female","ABUSE OF AUTHORITY",1276214400000,"District 2","ACCEPT","Closed",-75.078444,40.070457
"28",235,56,"White","Male","PHYSICAL ABUSE",1.31544e+12,"District 2","Audit","Open",-75.087613,40.049029
"29",284,61,"White","Male","ABUSE OF AUTHORITY",1256601600000,"District 24","REJECT","Closed",-75.109372,40.005393
"30",286,33,"White","Male","THEFT",1258588800000,"District 24","ACCEPT","Open",-75.124477,39.993225
"31",287,53,"White","Male","ABUSE OF AUTHORITY",1258675200000,"District 24","REJECT","Closed",-75.116409,39.990208
"32",288,37,"White","Male","ABUSE OF AUTHORITY",1260316800000,"District 24","AUDIT","Closed",-75.114728,39.99979
"33",299,74,"White","Male","LACK OF SERVICE",1343606400000,"District 24","REJECT","Closed",-75.11705,39.990049
"34",307,48,"White","Male","ABUSE OF AUTHORITY",1249862400000,"District 25","REJECT","Closed",-75.122405,40.025496
"35",333,43,"White","Male","LACK OF SERVICE",1231113600000,"District 26","REJECT","Closed",-75.127103,39.971352
"36",337,22,"White","Female","ABUSE OF AUTHORITY",1236902400000,"District 26","AUDIT","Open",-75.13261,39.987939
"37",340,33,"White","Female","ABUSE OF AUTHORITY",1251763200000,"District 26","REJECT","Closed",-75.13958,39.969516
"38",343,47,"White","Male","PHYSICAL ABUSE",1273449600000,"District 26","ACCEPT","Open",-75.141201,39.987517
"39",355,0,"White","Male","PHYSICAL ABUSE",1240876800000,"District 3","REJECT","Closed",-75.149181,39.941621
"40",356,32,"White","Female","ABUSE OF AUTHORITY",1.242e+12,"District 3","REJECT","Closed",-75.166736,39.937506
"41",358,37,"White","Female","ABUSE OF AUTHORITY",1248134400000,"District 3","AUDIT","Closed",-75.149181,39.941621
"42",360,49,"White","Male","ABUSE OF AUTHORITY",1.25064e+12,"District 3","AUDIT","Withdrawn",-75.150757,39.94182
"43",361,59,"White","Female","LACK OF SERVICE",1252886400000,"District 3","ACCEPT","Open",-75.162228,39.933446
"44",362,47,"White","Female","ABUSE OF AUTHORITY",1.274832e+12,"District 3","ACCEPT","Open",-75.158252,39.917781
"45",365,34,"White","Female","ABUSE OF AUTHORITY",1282262400000,"District 3","ACCEPT","Open",-75.156632,39.940702
"46",409,57,"White","Female","ABUSE OF AUTHORITY",1268956800000,"District 5","AUDIT","Closed",-75.217953,40.028939
"47",419,80,"White","Male","LACK OF SERVICE",1246406400000,"District 6","REJECT","Closed",-75.158307,39.951715
"48",420,21,"White","Male","ABUSE OF AUTHORITY",1253059200000,"District 6","REJECT","Closed",-75.150757,39.94182
"49",422,24,"White","Male","PHYSICAL ABUSE",1.269216e+12,"District 6","AUDIT","Closed",-75.141482,39.948029
"50",426,80,"White","Male","LACK OF SERVICE",1292803200000,"District 6","REJECT","Closed",-75.161227,39.953128
"51",429,27,"White","Male","ABUSE OF AUTHORITY",1276646400000,"District 7","ACCEPT","Open",-75.081076,40.079485
"52",430,50,"White","Male","ABUSE OF AUTHORITY",1.277856e+12,"District 7","ACCEPT","Open",-75.077036,40.074426
"53",431,23,"White","Male","PHYSICAL ABUSE",1280102400000,"District 7","REJECT","Closed",-75.076763,40.074272
"54",432,62,"White","Male","ABUSE OF AUTHORITY",1289865600000,"District 7","REJECT","Closed",-75.043756,40.084788
"55",434,41,"White","Female","ABUSE OF AUTHORITY",1.297296e+12,"District 8","AUDIT","Open",-74.973765,40.084535
"56",438,45,"White","Male","ABUSE OF AUTHORITY",1239062400000,"District 9","REJECT","Closed",-75.168215,39.954006
"57",439,24,"White","Female","LACK OF SERVICE",1239926400000,"District 9","REJECT","Closed",-75.165064,39.95361
"58",440,16,"White","Male","ABUSE OF AUTHORITY",1249257600000,"District 9","AUDIT","Open",-75.170669,39.950133
"59",442,47,"White","Female","ABUSE OF AUTHORITY",1251244800000,"District 9","REJECT","Closed",-75.188636,39.969927
"60",445,24,"White","Male","PHYSICAL ABUSE",1258675200000,"District 9","ACCEPT","Closed",-75.165228,39.952578
"61",452,54,"White","Male","ABUSE OF AUTHORITY",1297123200000,"District 9","REJECT","Closed",-75.168905,39.958423
"62",454,79,"White","Female","LACK OF SERVICE",1351036800000,"District 9","AUDIT","Open",-75.173184,39.962499
