UNIQUE_BLKGRP_ID,X,Y,DIST_NUM,PSA_NUM,STATEFP,COUNTYFP,TRACTCE,BLKGRPCE,2020CenPOP
10100010,-75.150307,39.951763,6,62,42,101,101,1,26
10100020,-75.150025,39.949984,6,62,42,101,101,2,0
10100030,-75.147863,39.951459,6,62,42,101,101,3,0
10100040,-75.145018,39.950536,6,62,42,101,101,4,1340
10100050,-75.14282,39.950361,6,62,42,101,101,5,963
10200010,-75.144559,39.955678,6,62,42,101,102,1,1374
10200020,-75.148832,39.954957,6,62,42,101,102,2,17
10200030,-75.143973,39.953215,6,62,42,101,102,3,888
10200040,-75.142405,39.952559,6,62,42,101,102,4,577
10200050,-75.145804,39.953508,6,62,42,101,102,5,655
20000010,-75.156289,39.955295,6,62,42,101,200,1,2213
20000020,-75.153127,39.954823,6,62,42,101,200,2,586
20000030,-75.159929,39.956344,6,62,42,101,200,3,534
20000040,-75.16035,39.954997,6,62,42,101,200,4,34
30000010,-75.174236,39.957242,9,92,42,101,300,1,1344
30000020,-75.176701,39.956567,9,92,42,101,300,2,222
30000030,-75.165571,39.956969,9,92,42,101,300,3,1096
30000040,-75.170082,39.956313,9,92,42,101,300,4,751
30000050,-75.177325,39.958504,9,92,42,101,300,5,1088
40100010,-75.175984,39.954923,9,92,42,101,401,1,1314
40100020,-75.174289,39.9529,9,92,42,101,401,2,760
40100030,-75.176748,39.953021,9,92,42,101,401,3,1049
40300010,-75.166114,39.952416,9,92,42,101,403,1,20
40300020,-75.166257,39.952457,9,92,42,101,403,2,1119
40400010,-75.172171,39.952411,9,92,42,101,404,1,1062
40400020,-75.172171,39.954524,9,92,42,101,404,2,2036
40400030,-75.170515,39.954511,9,92,42,101,404,3,724
50000010,-75.16083,39.951582,6,63,42,101,500,1,808
50000020,-75.163881,39.952541,9,92,42,101,500,2,33
50000030,-75.157874,39.95105,6,62,42,101,500,3,1066
50000040,-75.153349,39.952697,6,62,42,101,500,4,1707
60000010,-75.161405,39.949817,6,63,42,101,600,1,1161
60000020,-75.154463,39.949161,6,63,42,101,600,2,1156
70100010,-75.170714,39.95087,9,91,42,101,701,1,679
70100020,-75.172843,39.95129,9,91,42,101,701,2,849
70100030,-75.166547,39.950384,9,91,42,101,701,3,1194
70200010,-75.175338,39.951245,9,91,42,101,702,1,699
70200020,-75.178269,39.951896,9,91,42,101,702,2,1313
80100010,-75.178149,39.949903,9,91,42,101,801,1,515
80100020,-75.179976,39.950001,9,91,42,101,801,2,1233
80300010,-75.176734,39.949851,9,91,42,101,803,1,868
80300020,-75.17501,39.949739,9,91,42,101,803,2,1314
80300030,-75.17231,39.948387,9,91,42,101,803,3,917
80300040,-75.173448,39.949701,9,91,42,101,803,4,1364
80500010,-75.170061,39.949308,9,91,42,101,805,1,1912
80500020,-75.168554,39.948833,9,91,42,101,805,2,675
80600010,-75.165473,39.947886,9,91,42,101,806,1,1483
80600020,-75.166997,39.948294,9,91,42,101,806,2,1219
90100010,-75.161291,39.947798,6,63,42,101,901,1,1243
90100020,-75.163419,39.947807,6,63,42,101,901,2,1166
90200010,-75.15478,39.947173,6,63,42,101,902,1,1459
90200020,-75.158486,39.947416,6,63,42,101,902,2,1383
100100010,-75.151813,39.943641,6,63,42,101,1001,1,1187
100100020,-75.150142,39.948368,6,63,42,101,1001,2,0
100100030,-75.151435,39.946075,6,63,42,101,1001,3,1806
100200010,-75.14578,39.945972,6,63,42,101,1002,1,2194
100200020,-75.147543,39.944053,6,63,42,101,1002,2,722
100200030,-75.144768,39.947946,6,63,42,101,1002,3,245
100200040,-75.146529,39.9424,6,63,42,101,1002,4,1490
110100010,-75.164228,39.945821,6,63,42,101,1101,1,1188
110100020,-75.162851,39.943857,3,31,42,101,1101,2,1181
110100030,-75.160905,39.945396,6,63,42,101,1101,3,1129
110100040,-75.162772,39.945863,6,63,42,101,1101,4,799
110200010,-75.15816,39.944988,6,63,42,101,1102,1,1729
110200020,-75.155031,39.943961,6,63,42,101,1102,2,518
110200030,-75.155439,39.942931,3,31,42,101,1102,3,553
120100010,-75.18207,39.94746,9,91,42,101,1201,1,869
120100020,-75.177386,39.947854,9,91,42,101,1201,2,1101
120100030,-75.176687,39.946016,17,171,42,101,1201,3,1020
120100040,-75.180008,39.946503,17,91,42,101,1201,4,963
120300010,-75.173071,39.94564,9,91,42,101,1203,1,995
120300020,-75.172788,39.947294,9,91,42,101,1203,2,832
120400010,-75.168431,39.946678,9,91,42,101,1204,1,1808
120400020,-75.169698,39.945319,9,91,42,101,1204,2,1237
120400030,-75.166681,39.94492,9,91,42,101,1204,3,969
130100010,-75.179655,39.940866,17,171,42,101,1301,1,877
130100020,-75.183712,39.941186,17,171,42,101,1301,2,794
130200010,-75.178839,39.9443,17,171,42,101,1302,1,810
130200020,-75.179145,39.942603,17,171,42,101,1302,2,963
130200030,-75.181959,39.942914,17,171,42,101,1302,3,882
130200040,-75.184384,39.944251,17,171,42,101,1302,4,2447
140000010,-75.173649,39.943103,17,171,42,101,1400,1,1672
140000020,-75.176298,39.943667,17,171,42,101,1400,2,849
140000030,-75.168842,39.942644,17,171,42,101,1400,3,2215
150000010,-75.15451,39.941308,3,31,42,101,1500,1,1120
150000020,-75.160926,39.942165,3,31,42,101,1500,2,2218
160000010,-75.150037,39.940484,3,31,42,101,1600,1,1239
160000020,-75.146159,39.939919,3,31,42,101,1600,2,1426
170000010,-75.146618,39.937337,3,31,42,101,1700,1,1342
170000020,-75.150793,39.938347,3,31,42,101,1700,2,1655
180000010,-75.156549,39.939656,3,31,42,101,1800,1,2283
180000020,-75.16362,39.940638,3,31,42,101,1800,2,1193
190000010,-75.172288,39.940791,17,171,42,101,1900,1,1101
190000020,-75.175104,39.940194,17,171,42,101,1900,2,1758
190000030,-75.1685,39.939579,17,171,42,101,1900,3,1224
200000010,-75.182338,39.93758,17,173,42,101,2000,1,1543
200000020,-75.186697,39.938139,17,172,42,101,2000,2,994
210000010,-75.179059,39.937037,17,173,42,101,2100,1,812
210000020,-75.175932,39.936772,17,173,42,101,2100,2,1650
220000010,-75.168501,39.937057,17,171,42,101,2200,1,848
220000020,-75.170002,39.935216,17,173,42,101,2200,2,700
220000030,-75.171977,39.936512,17,171,42,101,2200,3,1202
230000010,-75.163257,39.935582,3,33,42,101,2300,1,1140
230000020,-75.162654,39.934471,3,33,42,101,2300,2,1903
240000010,-75.154886,39.937125,3,31,42,101,2400,1,811
240000020,-75.156056,39.933981,3,33,42,101,2400,2,1441
240000030,-75.159252,39.93769,3,31,42,101,2400,3,1449
240000040,-75.156752,39.936062,3,31,42,101,2400,4,755
240000050,-75.163112,39.937956,3,31,42,101,2400,5,1168
250000010,-75.14872,39.934909,3,31,42,101,2500,1,1347
250000020,-75.147089,39.933032,3,32,42,101,2500,2,934
250000030,-75.151802,39.932724,3,32,42,101,2500,3,785
250000040,-75.152253,39.935977,3,31,42,101,2500,4,1327
270100010,-75.154116,39.926837,3,32,42,101,2701,1,2217
270100020,-75.153544,39.930216,3,32,42,101,2701,2,1983
270200010,-75.149839,39.925993,3,32,42,101,2702,1,2223
270200020,-75.149371,39.929831,3,32,42,101,2702,2,2045
280100010,-75.156353,39.930828,3,33,42,101,2801,1,2119
280100020,-75.157238,39.927292,3,33,42,101,2801,2,2245
280200010,-75.160405,39.927611,3,33,42,101,2802,1,1867
280200020,-75.163933,39.927917,3,33,42,101,2802,2,1639
280200030,-75.159794,39.930919,3,33,42,101,2802,3,1869
290000010,-75.166951,39.928105,3,33,42,101,2900,1,1501
290000020,-75.167254,39.930336,3,33,42,101,2900,2,829
290000030,-75.164607,39.931892,3,33,42,101,2900,3,2021
300100010,-75.16992,39.930051,17,173,42,101,3001,1,707
300100020,-75.17028,39.927993,1,11,42,101,3001,2,794
300100030,-75.172176,39.928491,17,173,42,101,3001,3,998
300100040,-75.174223,39.928765,17,173,42,101,3001,4,1073
300100050,-75.172527,39.930453,17,173,42,101,3001,5,616
300200010,-75.169461,39.933104,17,173,42,101,3002,1,928
300200020,-75.17158,39.933424,17,173,42,101,3002,2,836
300200030,-75.173571,39.932962,17,173,42,101,3002,3,855
300200040,-75.17066,39.931396,17,173,42,101,3002,4,910
310000010,-75.176577,39.933933,17,173,42,101,3100,1,1382
310000020,-75.175532,39.931377,17,173,42,101,3100,2,592
310000030,-75.176653,39.92966,17,173,42,101,3100,3,595
310000040,-75.179793,39.930327,17,173,42,101,3100,4,887
310000050,-75.178035,39.931999,17,173,42,101,3100,5,960
310000060,-75.18028,39.933435,17,173,42,101,3100,6,673
320000010,-75.182305,39.934602,17,173,42,101,3200,1,795
320000020,-75.182953,39.932953,17,173,42,101,3200,2,555
320000030,-75.183576,39.9312,17,173,42,101,3200,3,967
320000040,-75.186062,39.93447,17,173,42,101,3200,4,885
320000050,-75.185871,39.931549,17,173,42,101,3200,5,475
320000060,-75.188762,39.933874,17,172,42,101,3200,6,834
330000010,-75.190742,39.933417,17,172,42,101,3300,1,1776
330000020,-75.195838,39.937139,17,172,42,101,3300,2,664
330000030,-75.191444,39.936619,17,172,42,101,3300,3,738
330000040,-75.195217,39.938119,17,172,42,101,3300,4,1169
330000050,-75.192693,39.934166,17,172,42,101,3300,5,998
330000060,-75.195958,39.935011,17,172,42,101,3300,6,962
360000010,-75.190317,39.928914,1,11,42,101,3600,1,1899
360000020,-75.196617,39.930795,17,172,42,101,3600,2,1128
360000030,-75.190894,39.92477,1,11,42,101,3600,3,2204
360000040,-75.194698,39.931681,17,172,42,101,3600,4,1340
370100010,-75.177008,39.928029,1,11,42,101,3701,1,1120
370100020,-75.177421,39.926249,1,11,42,101,3701,2,1017
370100030,-75.179852,39.927516,1,11,42,101,3701,3,1177
370100040,-75.184416,39.92779,1,11,42,101,3701,4,1281
370100050,-75.182129,39.927862,1,11,42,101,3701,5,1511
370200010,-75.179897,39.924551,1,11,42,101,3702,1,1558
370200020,-75.183471,39.924613,1,11,42,101,3702,2,1472
370200030,-75.185613,39.924069,1,11,42,101,3702,3,648
380000010,-75.178711,39.920647,1,11,42,101,3800,1,967
380000020,-75.178325,39.922958,1,11,42,101,3800,2,882
380000030,-75.180962,39.921682,1,11,42,101,3800,3,954
380000040,-75.185832,39.916498,1,12,42,101,3800,4,17
380000050,-75.180252,39.917978,1,11,42,101,3800,5,1000
390100010,-75.171565,39.925056,1,11,42,101,3901,1,1449
390100020,-75.171882,39.922015,1,11,42,101,3901,2,1283
390100030,-75.175031,39.922012,1,11,42,101,3901,3,1854
390100040,-75.174548,39.925662,1,11,42,101,3901,4,1633
390200010,-75.172476,39.919528,1,11,42,101,3902,1,1416
390200020,-75.175353,39.915097,1,12,42,101,3902,2,2523
390200030,-75.174973,39.918251,1,11,42,101,3902,3,1758
400100010,-75.164159,39.924966,3,33,42,101,4001,1,1329
400100020,-75.16464,39.922392,3,33,42,101,4001,2,1274
400100030,-75.167657,39.922582,3,33,42,101,4001,3,918
400100040,-75.167028,39.925191,3,33,42,101,4001,4,956
400200010,-75.165232,39.919929,3,33,42,101,4002,1,1384
400200020,-75.165753,39.917453,3,33,42,101,4002,2,1665
400200030,-75.169088,39.917879,3,33,42,101,4002,3,1242
400200040,-75.168296,39.92011,3,33,42,101,4002,4,1068
410100010,-75.161851,39.921467,3,33,42,101,4101,1,835
410100020,-75.16136,39.922647,3,33,42,101,4101,2,937
410100030,-75.158608,39.924203,3,33,42,101,4101,3,3269
410100040,-75.157786,39.920924,3,33,42,101,4101,4,1142
410100050,-75.157656,39.922136,3,33,42,101,4101,5,983
410300010,-75.162009,39.919515,3,33,42,101,4103,1,1705
410300020,-75.158605,39.918979,3,33,42,101,4103,2,2568
410400010,-75.162924,39.916999,3,33,42,101,4104,1,1465
410400020,-75.158974,39.916561,3,33,42,101,4104,2,3096
420100010,-75.148877,39.922918,3,32,42,101,4201,1,711
420100020,-75.152922,39.920837,3,32,42,101,4201,2,2100
420100030,-75.149328,39.920424,3,32,42,101,4201,3,786
420100040,-75.152472,39.923347,3,32,42,101,4201,4,1690
420200010,-75.149711,39.917605,3,32,42,101,4202,1,1514
420200020,-75.152763,39.915878,3,32,42,101,4202,2,1465
420200030,-75.153492,39.91781,3,32,42,101,4202,3,1413
420200040,-75.153753,39.919116,3,32,42,101,4202,4,869
540000010,-75.252098,39.892794,12,121,42,101,5400,1,1191
550000010,-75.247294,39.909658,12,121,42,101,5500,1,1955
550000020,-75.244973,39.909124,12,121,42,101,5500,2,1021
550000030,-75.251051,39.901419,12,121,42,101,5500,3,917
550000040,-75.244571,39.905338,12,121,42,101,5500,4,1605
560000010,-75.245479,39.899575,12,121,42,101,5600,1,1061
600000010,-75.238359,39.911271,12,121,42,101,6000,1,2332
600000020,-75.234403,39.909475,12,121,42,101,6000,2,1403
600000030,-75.236982,39.914132,12,121,42,101,6000,3,775
600000040,-75.240945,39.914343,12,121,42,101,6000,4,1371
600000050,-75.238761,39.917062,12,122,42,101,6000,5,726
610000010,-75.229659,39.91556,12,123,42,101,6100,1,2271
610000020,-75.227996,39.918137,12,123,42,101,6100,2,1109
620000010,-75.229743,39.920279,12,123,42,101,6200,1,1036
620000020,-75.231594,39.919048,12,123,42,101,6200,2,991
620000030,-75.233346,39.917828,12,121,42,101,6200,3,913
620000040,-75.233706,39.918874,12,123,42,101,6200,4,1558
630000010,-75.235016,39.925233,12,122,42,101,6300,1,686
630000020,-75.235599,39.924107,12,123,42,101,6300,2,965
630000030,-75.23711,39.922765,12,122,42,101,6300,3,902
630000040,-75.241921,39.919582,12,122,42,101,6300,4,1469
640000010,-75.23846,39.928431,12,122,42,101,6400,1,1340
640000020,-75.241758,39.928184,12,122,42,101,6400,2,1235
640000030,-75.242207,39.924166,12,122,42,101,6400,3,1974
650000010,-75.231493,39.933776,12,122,42,101,6500,1,1486
650000020,-75.241309,39.943816,12,124,42,101,6500,2,1167
650000030,-75.233028,39.937319,12,122,42,101,6500,3,2010
660000010,-75.234454,39.927869,12,122,42,101,6600,1,875
660000020,-75.231748,39.926707,12,123,42,101,6600,2,1233
660000030,-75.228571,39.932054,12,122,42,101,6600,3,1484
670000010,-75.222896,39.926663,12,123,42,101,6700,1,1413
670000020,-75.229059,39.923535,12,123,42,101,6700,2,1290
670000030,-75.224324,39.92148,12,123,42,101,6700,3,2942
670000040,-75.226436,39.925416,12,123,42,101,6700,4,1805
700000010,-75.220036,39.937884,12,123,42,101,7000,1,932
700000020,-75.221733,39.93678,12,123,42,101,7000,2,714
700000030,-75.224347,39.934002,12,123,42,101,7000,3,824
700000040,-75.223965,39.935143,12,123,42,101,7000,4,614
700000050,-75.219534,39.935482,12,123,42,101,7000,5,808
710100010,-75.22742,39.936498,12,124,42,101,7101,1,822
710100020,-75.225434,39.938002,12,124,42,101,7101,2,888
710100030,-75.223221,39.939618,12,124,42,101,7101,3,727
710200010,-75.225333,39.942795,12,124,42,101,7102,1,972
710200020,-75.229233,39.93871,12,124,42,101,7102,2,1161
710200030,-75.226655,39.94039,12,124,42,101,7102,3,922
710200040,-75.228717,39.942482,12,124,42,101,7102,4,827
710200050,-75.231101,39.940526,12,124,42,101,7102,5,792
720000010,-75.233991,39.942218,12,124,42,101,7200,1,891
720000020,-75.231481,39.946399,12,124,42,101,7200,2,728
720000030,-75.231343,39.943015,12,124,42,101,7200,3,572
720000040,-75.229044,39.944521,12,124,42,101,7200,4,640
720000050,-75.232481,39.944341,12,124,42,101,7200,5,743
720000060,-75.235676,39.945145,12,124,42,101,7200,6,928
730000010,-75.220194,39.943214,12,124,42,101,7300,1,900
730000020,-75.222541,39.942614,12,124,42,101,7300,2,782
730000030,-75.221815,39.945133,12,124,42,101,7300,3,645
730000040,-75.225167,39.946051,12,124,42,101,7300,4,880
740000010,-75.210193,39.943799,18,183,42,101,7400,1,659
740000020,-75.212183,39.941781,18,183,42,101,7400,2,720
740000030,-75.215448,39.941407,12,123,42,101,7400,3,725
740000040,-75.218578,39.940357,12,123,42,101,7400,4,1471
740000050,-75.216482,39.93784,12,123,42,101,7400,5,650
770000010,-75.207373,39.948764,18,183,42,101,7700,1,1667
770000020,-75.208544,39.944664,18,183,42,101,7700,2,635
780000010,-75.213307,39.945427,18,183,42,101,7800,1,893
780000020,-75.216331,39.945316,18,183,42,101,7800,2,543
780000030,-75.220052,39.946166,12,124,42,101,7800,3,836
780000040,-75.218131,39.94713,18,183,42,101,7800,4,969
780000050,-75.21396,39.94757,18,183,42,101,7800,5,1117
790000010,-75.215316,39.951457,18,183,42,101,7900,1,1078
790000020,-75.21623,39.949704,18,183,42,101,7900,2,1457
790000030,-75.221026,39.949396,18,182,42,101,7900,3,1073
790000040,-75.220434,39.951709,18,183,42,101,7900,4,1114
800000010,-75.224293,39.951515,18,182,42,101,8000,1,1068
800000020,-75.225208,39.94903,18,182,42,101,8000,2,933
800000030,-75.229272,39.948831,18,182,42,101,8000,3,746
800000040,-75.228296,39.951802,18,182,42,101,8000,4,1195
810100010,-75.23333,39.948552,18,182,42,101,8101,1,1051
810100020,-75.237792,39.948328,18,181,42,101,8101,2,1664
810200010,-75.237021,39.950914,18,182,42,101,8102,1,858
810200020,-75.233012,39.950478,18,182,42,101,8102,2,869
810200030,-75.232261,39.952848,18,182,42,101,8102,3,1455
810200040,-75.236512,39.953205,18,182,42,101,8102,4,1852
820000010,-75.240908,39.951114,18,181,42,101,8200,1,1015
820000020,-75.241186,39.9491,18,181,42,101,8200,2,1047
820000030,-75.241735,39.947204,18,181,42,101,8200,3,1104
820000040,-75.244646,39.945246,18,181,42,101,8200,4,787
820000050,-75.245774,39.952012,18,181,42,101,8200,5,729
820000060,-75.246599,39.948488,18,181,42,101,8200,6,1370
820000070,-75.24617,39.950545,18,181,42,101,8200,7,883
830100010,-75.245122,39.960824,18,181,42,101,8301,1,1276
830100020,-75.245774,39.958129,18,181,42,101,8301,2,1797
830100030,-75.246465,39.955233,18,181,42,101,8301,3,1237
830200010,-75.240956,39.953069,18,181,42,101,8302,1,983
830200020,-75.241211,39.959833,18,181,42,101,8302,2,1982
830200030,-75.241862,39.956639,18,181,42,101,8302,3,990
830200040,-75.240799,39.954552,18,181,42,101,8302,4,1043
840000010,-75.233482,39.955958,18,182,42,101,8400,1,1107
840000020,-75.233696,39.957752,18,182,42,101,8400,2,809
840000030,-75.236737,39.957114,18,181,42,101,8400,3,640
840000040,-75.234577,39.959658,18,182,42,101,8400,4,762
840000050,-75.237574,39.955505,18,181,42,101,8400,5,723
840000060,-75.237981,39.959777,18,181,42,101,8400,6,570
850000010,-75.223035,39.958738,18,182,42,101,8500,1,660
850000020,-75.223265,39.956352,18,182,42,101,8500,2,891
850000030,-75.223919,39.95447,18,182,42,101,8500,3,887
850000040,-75.228961,39.954405,18,182,42,101,8500,4,782
850000050,-75.22897,39.955995,18,182,42,101,8500,5,1239
850000060,-75.228867,39.957413,18,182,42,101,8500,6,1009
850000070,-75.22881,39.959254,18,182,42,101,8500,7,1305
860100010,-75.219682,39.953815,18,183,42,101,8601,1,1149
860100020,-75.2138,39.953701,18,183,42,101,8601,2,2063
860200010,-75.214106,39.95681,18,183,42,101,8602,1,1419
860200020,-75.217218,39.9557,18,183,42,101,8602,2,1192
860200030,-75.220485,39.956753,18,182,42,101,8602,3,841
870100010,-75.211201,39.950451,18,183,42,101,8701,1,1192
870100020,-75.210825,39.952712,18,183,42,101,8701,2,1229
870100030,-75.210206,39.955694,18,183,42,101,8701,3,1926
870200010,-75.206657,39.956196,18,183,42,101,8702,1,770
870200020,-75.20714,39.954413,18,183,42,101,8702,2,1183
870200030,-75.207372,39.951341,18,183,42,101,8702,3,1488
880100010,-75.199071,39.953374,18,183,42,101,8801,1,1600
880200010,-75.203944,39.950062,18,183,42,101,8802,1,1023
880200020,-75.20196,39.955796,18,183,42,101,8802,2,1431
880200030,-75.203409,39.951331,18,183,42,101,8802,3,1179
880200040,-75.201723,39.952629,18,183,42,101,8802,4,1820
880200050,-75.202804,39.954124,18,183,42,101,8802,5,1127
900000010,-75.190113,39.959507,16,161,42,101,9000,1,2323
900000020,-75.190334,39.961828,16,161,42,101,9000,2,1900
900000030,-75.190416,39.957947,16,161,42,101,9000,3,3471
910000010,-75.196743,39.961686,16,161,42,101,9100,1,983
910000020,-75.195933,39.958642,16,161,42,101,9100,2,1397
910000030,-75.200851,39.959364,16,161,42,101,9100,3,1554
920000010,-75.208846,39.959671,16,162,42,101,9200,1,1773
920000020,-75.204122,39.960841,16,162,42,101,9200,2,2201
930000010,-75.222007,39.96355,16,162,42,101,9300,1,599
930000020,-75.221984,39.962014,16,162,42,101,9300,2,890
930000030,-75.221972,39.96043,16,162,42,101,9300,3,741
930000040,-75.225992,39.961912,19,192,42,101,9300,4,799
930000050,-75.22663,39.963363,19,192,42,101,9300,5,1232
940000010,-75.231187,39.963884,19,192,42,101,9400,1,626
940000020,-75.22942,39.962783,19,192,42,101,9400,2,1258
940000030,-75.234458,39.961923,19,192,42,101,9400,3,592
940000040,-75.23448,39.963984,19,192,42,101,9400,4,1290
950000010,-75.237024,39.964902,19,192,42,101,9500,1,684
950000020,-75.238609,39.963401,19,192,42,101,9500,2,845
950000030,-75.237727,39.968035,19,192,42,101,9500,3,1760
960000010,-75.242399,39.967259,19,192,42,101,9600,1,1197
960000020,-75.241432,39.963708,19,192,42,101,9600,2,752
960000030,-75.244619,39.963246,19,192,42,101,9600,3,867
960000040,-75.244278,39.96479,19,192,42,101,9600,4,734
960000050,-75.244346,39.966359,19,192,42,101,9600,5,725
980100010,-75.264968,39.977906,19,191,42,101,9801,1,1029
980100020,-75.266807,39.976764,19,191,42,101,9801,2,1177
980200010,-75.2626,39.974248,19,191,42,101,9802,1,1848
980200020,-75.267238,39.973304,19,191,42,101,9802,2,1968
980200030,-75.270755,39.975756,19,191,42,101,9802,3,1679
1000000010,-75.248601,39.967626,19,191,42,101,10000,1,1389
1000000020,-75.248409,39.970635,19,191,42,101,10000,2,711
1000000030,-75.248449,39.973721,19,191,42,101,10000,3,679
1000000040,-75.251845,39.972504,19,191,42,101,10000,4,1618
1010000010,-75.239461,39.974388,19,192,42,101,10100,1,845
1010000020,-75.239147,39.971555,19,192,42,101,10100,2,813
1010000030,-75.241995,39.974054,19,192,42,101,10100,3,701
1010000040,-75.241744,39.969598,19,192,42,101,10100,4,922
1010000050,-75.245738,39.970535,19,191,42,101,10100,5,676
1010000060,-75.245604,39.974066,19,191,42,101,10100,6,971
1010000070,-75.243513,39.972675,19,192,42,101,10100,7,712
1020000010,-75.234102,39.969577,19,192,42,101,10200,1,766
1020000020,-75.230561,39.966937,19,192,42,101,10200,2,1040
1020000030,-75.230657,39.969305,19,192,42,101,10200,3,1341
1030000010,-75.225633,39.968729,19,192,42,101,10300,1,1329
1030000020,-75.225116,39.966353,19,192,42,101,10300,2,1243
1040000010,-75.219337,39.966355,16,162,42,101,10400,1,1455
1040000020,-75.21817,39.963402,16,162,42,101,10400,2,873
1040000030,-75.220076,39.968623,16,162,42,101,10400,3,1245
1050000010,-75.213816,39.970152,16,162,42,101,10500,1,1604
1050000020,-75.213364,39.964892,16,162,42,101,10500,2,1759
1060000010,-75.209991,39.965341,16,162,42,101,10600,1,685
1060000020,-75.206419,39.963797,16,162,42,101,10600,2,791
1070000010,-75.206062,39.967101,16,162,42,101,10700,1,1219
1070000020,-75.206006,39.969332,16,162,42,101,10700,2,1013
1070000030,-75.20982,39.970836,16,162,42,101,10700,3,1247
1080000010,-75.199775,39.963554,16,161,42,101,10800,1,1557
1080000020,-75.196336,39.964867,16,161,42,101,10800,2,1190
1080000030,-75.200351,39.967263,16,161,42,101,10800,3,1189
1090000010,-75.1919,39.965824,16,161,42,101,10900,1,1029
1090000020,-75.189523,39.964271,16,161,42,101,10900,2,639
1090000030,-75.191955,39.963851,16,161,42,101,10900,3,973
1100000010,-75.206352,39.972536,16,162,42,101,11000,1,551
1100000020,-75.211263,39.975348,16,162,42,101,11000,2,797
1100000030,-75.207419,39.97445,16,162,42,101,11000,3,872
1100000040,-75.20141,39.973056,16,161,42,101,11000,4,1158
1110000010,-75.221921,39.979476,19,193,42,101,11100,1,516
1110000020,-75.228019,39.974707,19,192,42,101,11100,2,1034
1110000030,-75.223806,39.974178,19,192,42,101,11100,3,754
1110000040,-75.224613,39.972205,19,192,42,101,11100,4,1233
1120000010,-75.23046,39.975138,19,192,42,101,11200,1,644
1120000020,-75.230571,39.972278,19,192,42,101,11200,2,779
1120000030,-75.233163,39.972063,19,192,42,101,11200,3,829
1120000040,-75.236004,39.972068,19,192,42,101,11200,4,933
1120000050,-75.237147,39.974602,19,192,42,101,11200,5,792
1120000060,-75.234815,39.975065,19,192,42,101,11200,6,782
1120000070,-75.232551,39.97496,19,192,42,101,11200,7,839
1130000010,-75.237105,39.97931,19,193,42,101,11300,1,1042
1130000020,-75.232392,39.978216,19,193,42,101,11300,2,809
1130000030,-75.236185,39.977286,19,193,42,101,11300,3,983
1140000010,-75.247458,39.978457,19,191,42,101,11400,1,1213
1140000020,-75.240937,39.980067,19,191,42,101,11400,2,772
1140000030,-75.240092,39.977473,19,191,42,101,11400,3,846
1140000040,-75.242529,39.977131,19,191,42,101,11400,4,898
1140000050,-75.244508,39.978479,19,191,42,101,11400,5,1603
1140000060,-75.244069,39.982343,19,191,42,101,11400,6,988
1150000010,-75.251018,39.9797,19,191,42,101,11500,1,858
1150000020,-75.253437,39.977913,19,191,42,101,11500,2,1174
1150000030,-75.249955,39.976536,19,191,42,101,11500,3,1127
1150000040,-75.253788,39.975524,19,191,42,101,11500,4,945
1170000010,-75.238537,39.994144,19,193,42,101,11700,1,999
1170000020,-75.23936,39.990911,19,193,42,101,11700,2,894
1180000010,-75.235638,39.989739,19,193,42,101,11800,1,736
1180000020,-75.235003,39.987224,19,193,42,101,11800,2,1039
1180000030,-75.232859,39.984709,19,193,42,101,11800,3,1138
1180000040,-75.236564,39.985228,19,193,42,101,11800,4,574
1180000050,-75.241231,39.986674,19,191,42,101,11800,5,1324
1180000060,-75.238423,39.98808,19,193,42,101,11800,6,680
1190000010,-75.230396,39.985053,19,193,42,101,11900,1,1291
1190000020,-75.228209,39.985814,19,193,42,101,11900,2,1685
1190000030,-75.226561,39.980486,19,193,42,101,11900,3,916
1190000040,-75.227825,39.990536,19,193,42,101,11900,4,548
1190000050,-75.229157,39.989092,19,193,42,101,11900,5,576
1200000010,-75.230018,39.996044,19,193,42,101,12000,1,1943
1210000010,-75.222964,39.994215,19,193,42,101,12100,1,1610
1210000020,-75.221896,40.001372,19,193,42,101,12100,2,1207
1220100010,-75.210774,40.004288,19,193,42,101,12201,1,1237
1220100020,-75.206734,40.004581,19,193,42,101,12201,2,759
1220100030,-75.204457,40.00416,19,193,42,101,12201,3,897
1220300010,-75.207785,40.007951,19,193,42,101,12203,1,658
1220400010,-75.216675,40.002858,19,193,42,101,12204,1,33
1220400020,-75.211615,39.998668,19,193,42,101,12204,2,1347
1220400030,-75.210162,40.00094,19,193,42,101,12204,3,935
1220400040,-75.203728,40.002563,19,193,42,101,12204,4,1379
1250100010,-75.166895,39.959524,9,92,42,101,12501,1,1498
1250100020,-75.167321,39.96173,9,92,42,101,12501,2,4
1250100030,-75.163222,39.962031,9,92,42,101,12501,3,615
1250100040,-75.163063,39.959127,9,92,42,101,12501,4,818
1250200010,-75.172077,39.96301,9,92,42,101,12502,1,957
1250200020,-75.177864,39.96174,9,92,42,101,12502,2,2052
1250200030,-75.175051,39.963746,9,92,42,101,12502,3,366
1250200040,-75.169503,39.962748,9,92,42,101,12502,4,751
1250200050,-75.169889,39.961127,9,92,42,101,12502,5,1015
1310000010,-75.150836,39.965686,6,61,42,101,13100,1,1046
1310000020,-75.150485,39.963248,6,61,42,101,13100,2,663
1320000010,-75.156165,39.967454,6,61,42,101,13200,1,1262
1320000020,-75.15939,39.966353,6,61,42,101,13200,2,136
1320000030,-75.15688,39.96364,6,61,42,101,13200,3,1044
1320000040,-75.156236,39.965071,6,61,42,101,13200,4,779
1330000010,-75.162786,39.968499,9,93,42,101,13300,1,2041
1330000020,-75.164009,39.964003,9,93,42,101,13300,2,1068
1330000030,-75.163601,39.965703,9,93,42,101,13300,3,948
1340100010,-75.177575,39.9666,9,93,42,101,13401,1,1295
1340100020,-75.173962,39.965348,9,93,42,101,13401,2,1676
1340200010,-75.170571,39.966056,9,93,42,101,13402,1,1127
1340200020,-75.166663,39.966237,9,93,42,101,13402,2,750
1340200030,-75.168956,39.964346,9,93,42,101,13402,3,1758
1350000010,-75.17033,39.969431,9,93,42,101,13500,1,735
1350000020,-75.167503,39.969316,9,93,42,101,13500,2,2205
1350000030,-75.172729,39.970471,9,93,42,101,13500,3,1312
1360100010,-75.176785,39.968674,9,93,42,101,13601,1,1289
1360100020,-75.180426,39.96926,9,93,42,101,13601,2,1622
1360200010,-75.177362,39.971149,9,93,42,101,13602,1,758
1360200020,-75.183113,39.972046,9,93,42,101,13602,2,1290
1360200030,-75.17956,39.971556,9,93,42,101,13602,3,1036
1360200040,-75.175403,39.971019,9,93,42,101,13602,4,692
1370100010,-75.185577,39.97918,22,224,42,101,13701,1,729
1370100020,-75.186125,39.976242,22,224,42,101,13701,2,1393
1370200010,-75.18326,39.976448,22,224,42,101,13702,1,730
1370200020,-75.180943,39.976343,22,224,42,101,13702,2,1332
1370200030,-75.182741,39.979053,22,224,42,101,13702,3,967
1370200040,-75.183621,39.974255,22,224,42,101,13702,4,884
1380000010,-75.176228,39.977991,22,224,42,101,13800,1,601
1380000020,-75.177608,39.97518,22,224,42,101,13800,2,1525
1390000010,-75.17301,39.977812,22,224,42,101,13900,1,467
1390000020,-75.169671,39.976489,22,223,42,101,13900,2,1203
1390000030,-75.170172,39.9722,22,223,42,101,13900,3,850
1400000010,-75.16407,39.972377,22,223,42,101,14000,1,2253
1400000020,-75.163585,39.975118,22,223,42,101,14000,2,887
1400000030,-75.160227,39.97422,22,223,42,101,14000,3,2316
1410000010,-75.149243,39.970794,26,262,42,101,14100,1,2160
1410000020,-75.155592,39.971015,22,223,42,101,14100,2,928
1420100010,-75.145216,39.968155,26,262,42,101,14201,1,1534
1420100020,-75.141951,39.967315,26,262,42,101,14201,2,1963
1420200010,-75.138347,39.966512,26,262,42,101,14202,1,1490
1420200020,-75.137214,39.963925,26,263,42,101,14202,2,98
1420200030,-75.132182,39.963996,26,263,42,101,14202,3,721
1430000010,-75.131923,39.966705,26,263,42,101,14300,1,350
1430000020,-75.129437,39.969636,26,263,42,101,14300,2,1587
1440000010,-75.142847,39.971093,26,262,42,101,14400,1,865
1440000020,-75.144139,39.972851,26,262,42,101,14400,2,1281
1440000030,-75.136742,39.971713,26,262,42,101,14400,3,1978
1440000040,-75.140471,39.972997,26,262,42,101,14400,4,987
1450000010,-75.148689,39.977552,26,262,42,101,14500,1,1718
1450000020,-75.147658,39.974516,26,262,42,101,14500,2,1000
1460000010,-75.153156,39.976867,22,223,42,101,14600,1,2705
1460000020,-75.156325,39.977402,22,223,42,101,14600,2,4772
1470000010,-75.164024,39.978019,22,223,42,101,14700,1,1504
1470000020,-75.160824,39.978469,22,223,42,101,14700,2,3277
1480000010,-75.16879,39.980285,22,223,42,101,14800,1,1099
1490000010,-75.174186,39.980607,22,224,42,101,14900,1,750
1490000020,-75.176419,39.981274,22,224,42,101,14900,2,493
1490000030,-75.178576,39.981755,22,224,42,101,14900,3,590
1490000040,-75.18104,39.981751,22,224,42,101,14900,4,629
1490000050,-75.183079,39.981467,22,224,42,101,14900,5,623
1490000060,-75.18668,39.982603,22,224,42,101,14900,6,680
1510100010,-75.186124,39.985486,22,222,42,101,15101,1,1057
1510100020,-75.185389,39.988346,22,222,42,101,15101,2,1160
1510200010,-75.182527,39.987134,22,222,42,101,15102,1,1488
1510200020,-75.178934,39.988024,22,222,42,101,15102,2,731
1510200030,-75.177378,39.984603,22,222,42,101,15102,3,1935
1520000010,-75.166986,39.984539,22,221,42,101,15200,1,2310
1520000020,-75.17257,39.983665,22,222,42,101,15200,2,1315
1520000030,-75.171727,39.987166,22,222,42,101,15200,3,1884
1530000010,-75.157748,39.983231,22,221,42,101,15300,1,2681
1530000020,-75.160766,39.984491,22,221,42,101,15300,2,1114
1530000030,-75.16177,39.986156,22,221,42,101,15300,3,1088
1530000040,-75.163064,39.982648,22,221,42,101,15300,4,3060
1560000010,-75.142076,39.977535,26,262,42,101,15600,1,1015
1560000020,-75.141942,39.980727,26,262,42,101,15600,2,887
1570000010,-75.135678,39.980868,26,261,42,101,15700,1,682
1570000020,-75.135291,39.978948,26,262,42,101,15700,2,937
1570000030,-75.135048,39.976875,26,262,42,101,15700,3,1305
1580000010,-75.130428,39.975783,26,263,42,101,15800,1,1348
1580000020,-75.127926,39.975785,26,263,42,101,15800,2,956
1580000030,-75.127208,39.972236,26,263,42,101,15800,3,1185
1580000040,-75.132828,39.97042,26,263,42,101,15800,4,720
1580000050,-75.132096,39.973038,26,263,42,101,15800,5,1390
1580000060,-75.125922,39.974315,26,263,42,101,15800,6,976
1600100010,-75.121296,39.979773,26,263,42,101,16001,1,1759
1600100020,-75.12331,39.975864,26,263,42,101,16001,2,936
1600200010,-75.120357,39.982847,26,263,42,101,16002,1,623
1600200020,-75.125955,39.977594,26,263,42,101,16002,2,967
1600200030,-75.123059,39.981907,26,263,42,101,16002,3,725
1600200040,-75.127823,39.97931,26,263,42,101,16002,4,954
1600200050,-75.124625,39.980307,26,263,42,101,16002,5,967
1610000010,-75.130167,39.982251,26,263,42,101,16100,1,2806
1610000020,-75.123345,39.984312,26,263,42,101,16100,2,791
1610000030,-75.124803,39.98771,26,263,42,101,16100,3,999
1610000040,-75.127293,39.985744,26,263,42,101,16100,4,1987
1620000010,-75.141547,39.984502,26,261,42,101,16200,1,885
1620000020,-75.134756,39.983666,26,261,42,101,16200,2,1193
1630000010,-75.135897,39.989891,26,261,42,101,16300,1,828
1630000020,-75.134893,39.986583,26,261,42,101,16300,2,990
1630000030,-75.130621,39.98912,26,263,42,101,16300,3,1425
1640000010,-75.140929,39.990484,26,261,42,101,16400,1,1198
1640000020,-75.140114,39.987611,26,261,42,101,16400,2,585
1640000030,-75.145263,39.991213,26,261,42,101,16400,3,1435
1640000040,-75.143089,39.98785,26,261,42,101,16400,4,963
1650000010,-75.148862,39.98844,22,221,42,101,16500,1,1365
1650000020,-75.151223,39.991814,22,221,42,101,16500,2,1112
1660000010,-75.153077,39.98823,22,221,42,101,16600,1,1187
1660000020,-75.154573,39.987721,22,221,42,101,16600,2,651
1670100010,-75.160639,39.99232,22,221,42,101,16701,1,902
1670100020,-75.162317,39.992092,22,221,42,101,16701,2,649
1670100030,-75.162203,39.988588,22,221,42,101,16701,3,1282
1670200010,-75.159351,39.990037,22,221,42,101,16702,1,600
1670200020,-75.158763,39.992698,22,221,42,101,16702,2,715
1670200030,-75.156856,39.990614,22,221,42,101,16702,3,862
1670200040,-75.158625,39.98741,22,221,42,101,16702,4,731
1680000010,-75.169977,39.993462,22,222,42,101,16800,1,1522
1680000020,-75.166548,39.989047,22,221,42,101,16800,2,1332
1680000030,-75.164817,39.991616,22,221,42,101,16800,3,711
1690100010,-75.172829,39.994797,22,222,42,101,16901,1,1051
1690100020,-75.174503,39.991741,22,222,42,101,16901,2,819
1690100030,-75.177732,39.994269,22,222,42,101,16901,3,1255
1690200010,-75.180777,39.995785,22,222,42,101,16902,1,1269
1690200020,-75.18348,39.99104,22,222,42,101,16902,2,814
1690200030,-75.182891,39.993349,22,222,42,101,16902,3,1617
1690200040,-75.185337,39.996041,22,222,42,101,16902,4,1330
1700000010,-75.186599,40.00655,39,391,42,101,17000,1,1384
1700000020,-75.179345,40.011781,39,391,42,101,17000,2,491
1700000030,-75.182499,40.007087,39,391,42,101,17000,3,1251
1710000010,-75.174421,40.00348,39,393,42,101,17100,1,686
1710000020,-75.170574,40.002215,39,393,42,101,17100,2,821
1710000030,-75.173123,40.005304,39,393,42,101,17100,3,1469
1710000040,-75.174693,40.002579,39,393,42,101,17100,4,746
1720100010,-75.168845,39.998962,39,393,42,101,17201,1,902
1720100020,-75.169795,39.996724,39,393,42,101,17201,2,989
1720100030,-75.168,40.001725,39,393,42,101,17201,3,1012
1720200010,-75.172674,40.000194,39,393,42,101,17202,1,1070
1720200020,-75.175067,39.998598,39,393,42,101,17202,2,961
1720200030,-75.177269,39.997701,39,393,42,101,17202,3,725
1720200040,-75.172171,39.99818,39,393,42,101,17202,4,973
1730000010,-75.164975,39.998511,39,393,42,101,17300,1,1086
1730000020,-75.16303,40.00114,39,393,42,101,17300,2,548
1730000030,-75.160613,39.9961,39,393,42,101,17300,3,1238
1740000010,-75.148657,39.995763,25,254,42,101,17400,1,1227
1740000020,-75.151982,39.995793,25,254,42,101,17400,2,1080
1750000010,-75.144773,39.998213,25,254,42,101,17500,1,1645
1750000020,-75.14044,39.995599,25,254,42,101,17500,2,930
1750000030,-75.144158,39.993474,25,254,42,101,17500,3,835
1750000040,-75.144553,39.995053,25,254,42,101,17500,4,818
1750000050,-75.142145,39.998102,25,254,42,101,17500,5,1314
1750000060,-75.140071,40.001154,25,254,42,101,17500,6,1169
1760100010,-75.13742,39.995414,25,253,42,101,17601,1,2103
1760100020,-75.132315,39.994069,25,253,42,101,17601,2,1593
1760100030,-75.130423,39.992113,24,242,42,101,17601,3,1331
1760200010,-75.127851,39.99658,24,242,42,101,17602,1,1527
1760200020,-75.127328,39.994146,24,242,42,101,17602,2,739
1760200030,-75.131694,39.997849,25,253,42,101,17602,3,1307
1770100010,-75.118058,39.995824,24,242,42,101,17701,1,1228
1770100020,-75.114519,39.997012,24,241,42,101,17701,2,1112
1770100030,-75.117048,39.997817,25,253,42,101,17701,3,1212
1770200010,-75.125154,39.992015,24,242,42,101,17702,1,786
1770200020,-75.121285,39.993829,24,242,42,101,17702,2,1108
1770200030,-75.120116,39.99756,25,253,42,101,17702,3,855
1770200040,-75.123568,39.994777,24,242,42,101,17702,4,985
1770200050,-75.122259,39.997417,24,242,42,101,17702,5,848
1780000010,-75.11808,39.98937,24,242,42,101,17800,1,1281
1780000020,-75.114487,39.994229,24,242,42,101,17800,2,1470
1780000030,-75.11344,39.991538,24,242,42,101,17800,3,1827
1780000040,-75.119999,39.991055,24,242,42,101,17800,4,1668
1790000010,-75.114509,39.986412,24,242,42,101,17900,1,822
1790000020,-75.108789,39.987712,24,243,42,101,17900,2,1689
1790000030,-75.113641,39.984714,24,243,42,101,17900,3,835
1790000040,-75.111205,39.988818,24,242,42,101,17900,4,1665
1790000050,-75.116241,39.987428,24,242,42,101,17900,5,1141
1800100010,-75.112691,39.979176,24,243,42,101,18001,1,759
1800100020,-75.111012,39.982563,24,243,42,101,18001,2,834
1800100030,-75.11309,39.981692,24,243,42,101,18001,3,892
1800200010,-75.105733,39.985648,24,243,42,101,18002,1,1455
1800200020,-75.104186,39.982751,24,243,42,101,18002,2,1171
1800200030,-75.10836,39.984237,24,243,42,101,18002,3,1955
1800200040,-75.1081,39.980983,24,243,42,101,18002,4,858
1830000010,-75.073204,39.995796,15,151,42,101,18300,1,669
1830000020,-75.071888,39.998404,15,151,42,101,18300,2,1328
1830000030,-75.075087,39.999964,15,151,42,101,18300,3,1532
1830000040,-75.077311,39.996486,15,151,42,101,18300,4,797
1840000010,-75.070848,40.003076,15,151,42,101,18400,1,663
1840000020,-75.066759,40.001597,15,151,42,101,18400,2,1615
1880100010,-75.105869,39.995325,24,241,42,101,18801,1,1000
1880100020,-75.110683,39.994913,24,241,42,101,18801,2,898
1880100030,-75.10919,39.996754,24,241,42,101,18801,3,855
1880100040,-75.106852,39.997699,24,241,42,101,18801,4,1692
1880200010,-75.100234,39.999057,24,241,42,101,18802,1,1413
1880200020,-75.102408,39.997464,24,241,42,101,18802,2,969
1880200030,-75.103875,39.999786,24,241,42,101,18802,3,1188
1900000010,-75.101141,40.007379,24,241,42,101,19000,1,1741
1900000020,-75.098984,40.010949,24,241,42,101,19000,2,1440
1900000030,-75.095899,40.010985,24,241,42,101,19000,3,1604
1900000040,-75.100923,40.011047,24,241,42,101,19000,4,1283
1900000050,-75.098959,40.006231,24,241,42,101,19000,5,1738
1910000010,-75.106217,40.013998,24,241,42,101,19100,1,1608
1910000020,-75.105485,40.010396,24,241,42,101,19100,2,853
1910000030,-75.105923,40.012083,24,241,42,101,19100,3,1808
1910000040,-75.107193,40.006432,24,241,42,101,19100,4,1761
1910000050,-75.105096,40.008226,24,241,42,101,19100,5,2207
1920000010,-75.113853,40.001323,24,241,42,101,19200,1,1471
1920000020,-75.114284,39.999385,24,241,42,101,19200,2,1261
1920000030,-75.119617,39.999649,25,253,42,101,19200,3,1406
1920000040,-75.110267,39.999696,24,241,42,101,19200,4,1723
1920000050,-75.11955,40.001305,25,253,42,101,19200,5,1800
1950100010,-75.133989,40.001039,25,253,42,101,19501,1,1690
1950100020,-75.127055,40.000101,25,253,42,101,19501,2,1654
1950100030,-75.130456,40.000504,25,253,42,101,19501,3,1345
1950200010,-75.133459,40.003531,25,253,42,101,19502,1,1063
1950200020,-75.126484,40.002617,25,253,42,101,19502,2,1584
1950200030,-75.1309,40.002704,25,253,42,101,19502,3,847
1970000010,-75.136103,40.015788,25,251,42,101,19700,1,1317
1970000020,-75.137899,40.013005,25,251,42,101,19700,2,1120
1970000030,-75.137843,40.018725,25,251,42,101,19700,3,810
1970000040,-75.138423,40.015517,25,251,42,101,19700,4,1052
1970000050,-75.140557,40.014216,25,251,42,101,19700,5,905
1970000060,-75.13977,40.017852,25,251,42,101,19700,6,1212
1980000010,-75.143576,40.011047,25,251,42,101,19800,1,1755
1980000020,-75.13961,40.010597,25,251,42,101,19800,2,1064
1980000030,-75.141138,40.011429,25,251,42,101,19800,3,973
1980000040,-75.137365,40.010066,25,251,42,101,19800,4,1129
1980000050,-75.140892,40.008787,25,251,42,101,19800,5,842
1990000010,-75.139395,40.005966,25,254,42,101,19900,1,932
1990000020,-75.142214,40.006063,25,254,42,101,19900,2,1175
1990000030,-75.14629,40.006947,25,254,42,101,19900,3,1167
1990000040,-75.144457,40.004082,25,254,42,101,19900,4,1115
2000000010,-75.15125,40.000308,25,254,42,101,20000,1,530
2000000020,-75.150308,40.002466,25,254,42,101,20000,2,747
2010100010,-75.15563,40.005801,39,392,42,101,20101,1,1673
2010100020,-75.154038,40.000689,39,393,42,101,20101,2,668
2010100030,-75.156237,40.001189,39,393,42,101,20101,3,1409
2010200010,-75.153562,40.010335,39,392,42,101,20102,1,854
2010200020,-75.154034,40.008769,39,392,42,101,20102,2,643
2010200030,-75.156665,40.010663,39,392,42,101,20102,3,918
2010200040,-75.153907,40.012535,39,392,42,101,20102,4,1075
2020000010,-75.164307,40.006575,39,392,42,101,20200,1,1830
2020000020,-75.15931,40.006062,39,392,42,101,20200,2,598
2020000030,-75.158937,40.010698,39,392,42,101,20200,3,1607
2020000040,-75.163963,40.009546,39,392,42,101,20200,4,897
2030000010,-75.148946,40.008908,25,254,42,101,20300,1,1354
2030000020,-75.148988,40.015283,25,251,42,101,20300,2,1432
2040000010,-75.156549,40.021663,39,392,42,101,20400,1,658
2040000020,-75.151056,40.018695,39,392,42,101,20400,2,705
2040000030,-75.151211,40.021099,39,392,42,101,20400,3,890
2040000040,-75.153836,40.018806,39,392,42,101,20400,4,799
2050000010,-75.164226,40.013292,39,392,42,101,20500,1,710
2050000020,-75.15735,40.018148,39,392,42,101,20500,2,2018
2060000010,-75.183661,40.021648,39,391,42,101,20600,1,2043
2070100010,-75.192854,40.009937,39,391,42,101,20701,1,1247
2070100020,-75.189144,40.0125,39,391,42,101,20701,2,1796
2070100030,-75.186779,40.014152,39,391,42,101,20701,3,820
2070200010,-75.198073,40.011874,39,391,42,101,20702,1,855
2070200020,-75.194852,40.014926,39,391,42,101,20702,2,1609
2080000010,-75.199149,40.017084,39,391,42,101,20800,1,838
2080000020,-75.187286,40.025741,39,391,42,101,20800,2,1652
2090000010,-75.20914,40.020034,5,51,42,101,20900,1,686
2090000020,-75.205402,40.018666,5,51,42,101,20900,2,728
2090000030,-75.209072,40.017164,5,51,42,101,20900,3,756
2090000040,-75.212375,40.019628,5,51,42,101,20900,4,995
2100000010,-75.213482,40.026881,5,51,42,101,21000,1,1093
2100000020,-75.216818,40.025597,5,51,42,101,21000,2,818
2100000030,-75.210225,40.024506,5,51,42,101,21000,3,997
2100000040,-75.21764,40.023157,5,51,42,101,21000,4,1642
2100000050,-75.212756,40.02301,5,51,42,101,21000,5,920
2110000010,-75.205411,40.022315,5,51,42,101,21100,1,1238
2110000020,-75.206907,40.028846,5,51,42,101,21100,2,1418
2120000010,-75.213525,40.036073,5,51,42,101,21200,1,1278
2120000020,-75.210183,40.032438,5,51,42,101,21200,2,1145
2130000010,-75.21954,40.035035,5,52,42,101,21300,1,665
2130000020,-75.217297,40.032789,5,52,42,101,21300,2,707
2130000030,-75.21449,40.030492,5,51,42,101,21300,3,696
2130000040,-75.217176,40.02958,5,51,42,101,21300,4,732
2130000050,-75.222459,40.033281,5,52,42,101,21300,5,773
2140000010,-75.2192,40.027701,5,51,42,101,21400,1,792
2140000020,-75.223998,40.02769,5,52,42,101,21400,2,675
2140000030,-75.226138,40.029422,5,52,42,101,21400,3,1132
2140000040,-75.222106,40.030385,5,52,42,101,21400,4,1058
2140000050,-75.224175,40.026462,5,51,42,101,21400,5,560
2150000010,-75.22846,40.037061,5,52,42,101,21500,1,1799
2150000020,-75.228709,40.032152,5,52,42,101,21500,2,2336
2160000010,-75.232105,40.039716,5,52,42,101,21600,1,999
2160000020,-75.238742,40.042843,5,53,42,101,21600,2,1252
2170000010,-75.223194,40.047794,5,53,42,101,21700,1,1886
2170000020,-75.22999,40.047184,5,53,42,101,21700,2,1948
2170000030,-75.222069,40.0421,5,52,42,101,21700,3,921
2170000040,-75.217974,40.03966,5,52,42,101,21700,4,1028
2180000010,-75.232859,40.060944,5,53,42,101,21800,1,2005
2180000020,-75.233646,40.053736,5,53,42,101,21800,2,1397
2180000030,-75.230518,40.056967,5,53,42,101,21800,3,1022
2190000010,-75.240748,40.050219,5,53,42,101,21900,1,1492
2200000010,-75.244531,40.06483,5,53,42,101,22000,1,1446
2310000010,-75.202532,40.067886,14,144,42,101,23100,1,1285
2350000010,-75.196905,40.036383,14,143,42,101,23500,1,1108
2360000010,-75.193656,40.041344,14,143,42,101,23600,1,1713
2360000020,-75.195521,40.047274,14,143,42,101,23600,2,985
2370000010,-75.189541,40.052142,14,143,42,101,23700,1,2107
2370000020,-75.186207,40.043849,14,143,42,101,23700,2,900
2370000030,-75.187658,40.046724,14,143,42,101,23700,3,1843
2380000010,-75.183022,40.043202,14,143,42,101,23800,1,776
2380000020,-75.181548,40.039539,14,143,42,101,23800,2,749
2380000030,-75.179611,40.035946,14,143,42,101,23800,3,843
2380000040,-75.184037,40.036624,14,143,42,101,23800,4,922
2380000050,-75.186183,40.039988,14,143,42,101,23800,5,1151
2390000010,-75.186513,40.035352,14,143,42,101,23900,1,1021
2390000020,-75.185641,40.031075,39,391,42,101,23900,2,836
2400000010,-75.177034,40.026561,39,391,42,101,24000,1,1884
2400000020,-75.181769,40.028515,39,391,42,101,24000,2,1924
2410000010,-75.176111,40.032788,14,143,42,101,24100,1,1343
2420000010,-75.170059,40.030175,39,391,42,101,24200,1,639
2420000020,-75.172752,40.027957,39,391,42,101,24200,2,1058
2420000030,-75.16684,40.028743,39,391,42,101,24200,3,1153
2420000040,-75.16932,40.026227,39,391,42,101,24200,4,1263
2430000010,-75.175586,40.023898,39,391,42,101,24300,1,860
2430000020,-75.17274,40.021785,39,391,42,101,24300,2,1386
2430000030,-75.166832,40.021586,39,391,42,101,24300,3,956
2430000040,-75.1688,40.019879,39,391,42,101,24300,4,676
2440000010,-75.164688,40.022501,39,391,42,101,24400,1,853
2440000020,-75.162607,40.024436,39,391,42,101,24400,2,904
2440000030,-75.16469,40.026375,39,391,42,101,24400,3,1395
2450000010,-75.161876,40.036363,14,142,42,101,24500,1,2085
2450000020,-75.162025,40.031016,14,142,42,101,24500,2,2166
2460000010,-75.168962,40.034999,14,142,42,101,24600,1,806
2460000020,-75.171649,40.042901,14,142,42,101,24600,2,1264
2460000030,-75.174021,40.039777,14,142,42,101,24600,3,886
2470000010,-75.167188,40.039292,14,142,42,101,24700,1,1590
2470000020,-75.16368,40.042445,14,142,42,101,24700,2,1591
2470000030,-75.161376,40.045713,14,141,42,101,24700,3,1308
2480000010,-75.164304,40.048265,14,141,42,101,24800,1,740
2480000020,-75.167135,40.046324,14,142,42,101,24800,2,1172
2490000010,-75.159373,40.053843,14,141,42,101,24900,1,1232
2490000020,-75.158673,40.050641,14,141,42,101,24900,2,643
2490000030,-75.159614,40.048262,14,141,42,101,24900,3,729
2490000040,-75.161628,40.05077,14,141,42,101,24900,4,808
2520000010,-75.173943,40.044488,14,142,42,101,25200,1,931
2520000020,-75.178521,40.042161,14,142,42,101,25200,2,820
2520000030,-75.178106,40.045025,14,142,42,101,25200,3,969
2520000040,-75.176585,40.046632,14,142,42,101,25200,4,1112
2520000050,-75.173302,40.047977,14,142,42,101,25200,5,922
2520000060,-75.180394,40.049385,14,142,42,101,25200,6,1317
2520000070,-75.176295,40.049869,14,142,42,101,25200,7,1196
2530000010,-75.178944,40.054102,14,142,42,101,25300,1,968
2530000020,-75.182451,40.051231,14,142,42,101,25300,2,787
2530000030,-75.184635,40.053494,14,142,42,101,25300,3,732
2530000040,-75.183838,40.056858,14,142,42,101,25300,4,747
2530000050,-75.181633,40.05551,14,142,42,101,25300,5,625
2540000010,-75.171552,40.060085,14,141,42,101,25400,1,744
2540000020,-75.177127,40.057667,14,141,42,101,25400,2,1195
2540000030,-75.180791,40.059477,14,141,42,101,25400,3,876
2540000040,-75.175447,40.06262,14,141,42,101,25400,4,1337
2550000010,-75.185449,40.063367,14,144,42,101,25500,1,690
2550000020,-75.182098,40.063515,14,144,42,101,25500,2,1202
2550000030,-75.187879,40.05966,14,144,42,101,25500,3,775
2560000010,-75.185782,40.068581,14,144,42,101,25600,1,1029
2560000020,-75.189074,40.063736,14,144,42,101,25600,2,722
2560000030,-75.192633,40.066034,14,144,42,101,25600,3,858
2570000010,-75.197587,40.072046,14,144,42,101,25700,1,842
2570000020,-75.20016,40.071871,14,144,42,101,25700,2,715
2570000030,-75.191784,40.071902,14,144,42,101,25700,3,744
2570000040,-75.194542,40.07449,14,144,42,101,25700,4,1155
2580000010,-75.182696,40.07363,14,144,42,101,25800,1,1663
2590000010,-75.172994,40.080189,14,144,42,101,25900,1,737
2590000020,-75.174825,40.078165,14,144,42,101,25900,2,751
2590000030,-75.177317,40.077327,14,144,42,101,25900,3,795
2590000040,-75.179131,40.079597,14,144,42,101,25900,4,884
2590000050,-75.176539,40.081973,14,144,42,101,25900,5,1507
2600000010,-75.169232,40.076976,14,144,42,101,26000,1,807
2600000020,-75.169296,40.074115,14,144,42,101,26000,2,844
2600000030,-75.172641,40.075678,14,144,42,101,26000,3,1199
2610000010,-75.17378,40.07057,14,144,42,101,26100,1,1086
2610000020,-75.177067,40.06743,14,144,42,101,26100,2,678
2610000030,-75.177212,40.072951,14,144,42,101,26100,3,1296
2620000010,-75.164599,40.067825,14,141,42,101,26200,1,668
2620000020,-75.167987,40.069636,14,141,42,101,26200,2,891
2620000030,-75.169222,40.067522,14,141,42,101,26200,3,1179
2620000040,-75.17122,40.06485,14,141,42,101,26200,4,1338
2630100010,-75.164966,40.07227,14,141,42,101,26301,1,1222
2630100020,-75.163782,40.074869,14,141,42,101,26301,2,842
2630100030,-75.161321,40.073516,14,141,42,101,26301,3,941
2630100040,-75.164364,40.0704,14,141,42,101,26301,4,721
2630200010,-75.154023,40.069264,14,141,42,101,26302,1,1365
2630200020,-75.155365,40.065599,14,141,42,101,26302,2,1356
2630200030,-75.160705,40.068363,14,141,42,101,26302,3,759
2630200040,-75.158087,40.071034,14,141,42,101,26302,4,1873
2640000010,-75.159228,40.062848,14,141,42,101,26400,1,2236
2640000020,-75.161248,40.0593,14,141,42,101,26400,2,1270
2640000030,-75.163534,40.064071,14,141,42,101,26400,3,1693
2650000010,-75.153957,40.062306,14,141,42,101,26500,1,618
2650000020,-75.154898,40.060227,14,141,42,101,26500,2,919
2650000030,-75.151722,40.059778,14,141,42,101,26500,3,628
2650000040,-75.158312,40.057243,14,141,42,101,26500,4,920
2650000050,-75.153754,40.056581,14,141,42,101,26500,5,1200
2660000010,-75.150446,40.066494,14,141,42,101,26600,1,2631
2660000020,-75.149861,40.062283,14,141,42,101,26600,2,1454
2660000030,-75.146304,40.064874,14,141,42,101,26600,3,2324
2670000010,-75.144786,40.054268,35,353,42,101,26700,1,2599
2670000020,-75.147648,40.055376,35,353,42,101,26700,2,2182
2670000030,-75.15215,40.053814,35,353,42,101,26700,3,976
2670000040,-75.150956,40.055992,35,353,42,101,26700,4,860
2680000010,-75.139695,40.060689,35,351,42,101,26800,1,1708
2680000020,-75.138387,40.055981,35,351,42,101,26800,2,818
2680000030,-75.14165,40.05584,35,351,42,101,26800,3,842
2680000040,-75.140431,40.050589,35,351,42,101,26800,4,1283
2690000010,-75.128362,40.054235,35,351,42,101,26900,1,833
2690000020,-75.133406,40.055545,35,351,42,101,26900,2,1398
2700000010,-75.129141,40.049416,35,351,42,101,27000,1,760
2700000020,-75.135031,40.049261,35,351,42,101,27000,2,1510
2710000010,-75.124722,40.052435,35,351,42,101,27100,1,777
2710000020,-75.124319,40.046648,35,351,42,101,27100,2,875
2710000030,-75.126733,40.047604,35,351,42,101,27100,3,701
2720000010,-75.11505,40.048165,35,351,42,101,27200,1,858
2720000020,-75.116262,40.04591,35,351,42,101,27200,2,1867
2720000030,-75.120445,40.049418,35,351,42,101,27200,3,1531
2730000010,-75.116108,40.034906,35,351,42,101,27300,1,896
2730000020,-75.120995,40.042188,35,351,42,101,27300,2,1622
2730000030,-75.122029,40.037374,35,351,42,101,27300,3,2020
2730000040,-75.117874,40.041418,35,351,42,101,27300,4,1413
2740100010,-75.12791,40.042549,35,351,42,101,27401,1,1305
2740100020,-75.12831,40.038716,35,351,42,101,27401,2,1080
2740100030,-75.129447,40.034434,35,352,42,101,27401,3,913
2740200010,-75.122905,40.042661,35,351,42,101,27402,1,1482
2740200020,-75.125681,40.036908,35,351,42,101,27402,2,2699
2740200030,-75.12536,40.043028,35,351,42,101,27402,3,2318
2750000010,-75.131646,40.044,35,351,42,101,27500,1,1399
2750000020,-75.131322,40.039427,35,351,42,101,27500,2,1367
2750000030,-75.132639,40.035191,35,352,42,101,27500,3,909
2750000040,-75.133288,40.039066,35,351,42,101,27500,4,828
2760000010,-75.136543,40.044229,35,351,42,101,27600,1,1168
2760000020,-75.141483,40.04024,35,351,42,101,27600,2,554
2760000030,-75.140929,40.042548,35,351,42,101,27600,3,1027
2760000040,-75.139789,40.045136,35,351,42,101,27600,4,797
2770000010,-75.145175,40.049467,35,353,42,101,27700,1,1125
2770000020,-75.148938,40.049514,35,353,42,101,27700,2,926
2770000030,-75.151894,40.050476,35,353,42,101,27700,3,777
2770000040,-75.154145,40.051822,35,353,42,101,27700,4,728
2770000050,-75.156074,40.051305,35,353,42,101,27700,5,1362
2780000010,-75.148597,40.043009,35,353,42,101,27800,1,1572
2780000020,-75.145869,40.042582,35,353,42,101,27800,2,1008
2780000030,-75.14623,40.039825,35,353,42,101,27800,3,765
2780000040,-75.146627,40.046728,35,353,42,101,27800,4,1310
2790100010,-75.152816,40.047463,35,353,42,101,27901,1,830
2790100020,-75.151624,40.044977,35,353,42,101,27901,2,854
2790100030,-75.1565,40.046937,35,353,42,101,27901,3,733
2790100040,-75.155805,40.0444,35,353,42,101,27901,4,1379
2790200010,-75.15224,40.041262,35,353,42,101,27902,1,1274
2790200020,-75.153922,40.038714,35,353,42,101,27902,2,2298
2800000010,-75.15505,40.023078,35,352,42,101,28000,1,852
2800000020,-75.157393,40.027721,35,353,42,101,28000,2,780
2800000030,-75.153755,40.028827,35,353,42,101,28000,3,1187
2800000040,-75.151093,40.02343,35,352,42,101,28000,4,1361
2810000010,-75.148048,40.033004,35,353,42,101,28100,1,1667
2810000020,-75.149832,40.029385,35,353,42,101,28100,2,909
2810000030,-75.148881,40.026685,35,352,42,101,28100,3,786
2820000010,-75.138666,40.031989,35,352,42,101,28200,1,1366
2820000020,-75.143452,40.033273,35,352,42,101,28200,2,1392
2820000030,-75.139559,40.037167,35,352,42,101,28200,3,1938
2830000010,-75.140772,40.029882,35,352,42,101,28300,1,749
2830000020,-75.141337,40.026927,35,352,42,101,28300,2,745
2830000030,-75.146942,40.023686,35,352,42,101,28300,3,850
2830000040,-75.144286,40.023394,35,352,42,101,28300,4,1635
2830000050,-75.143787,40.027279,35,352,42,101,28300,5,882
2830000060,-75.143246,40.029929,35,352,42,101,28300,6,700
2830000070,-75.145909,40.027862,35,352,42,101,28300,7,733
2840000010,-75.13795,40.029415,35,352,42,101,28400,1,1171
2840000020,-75.137834,40.027253,35,352,42,101,28400,2,962
2840000030,-75.138147,40.025649,35,352,42,101,28400,3,952
2840000040,-75.137776,40.021026,25,251,42,101,28400,4,726
2850000010,-75.133612,40.028835,35,352,42,101,28500,1,2303
2860000010,-75.125385,40.030819,35,352,42,101,28600,1,1586
2860000020,-75.126471,40.027796,35,352,42,101,28600,2,1590
2860000030,-75.130367,40.02644,35,352,42,101,28600,3,2435
2860000040,-75.130171,40.03117,35,352,42,101,28600,4,1057
2870000010,-75.132674,40.021901,25,252,42,101,28700,1,1381
2870000020,-75.129988,40.022228,25,252,42,101,28700,2,990
2880000010,-75.123823,40.02367,25,252,42,101,28800,1,1660
2880000020,-75.121433,40.022087,25,252,42,101,28800,2,810
2880000030,-75.126097,40.02036,25,252,42,101,28800,3,1781
2890100010,-75.118017,40.020781,25,252,42,101,28901,1,1451
2890100020,-75.111498,40.017201,25,252,42,101,28901,2,889
2890100030,-75.115791,40.018478,25,252,42,101,28901,3,1592
2890200010,-75.110223,40.019116,24,241,42,101,28902,1,1168
2890200020,-75.114023,40.021882,25,252,42,101,28902,2,1384
2890200030,-75.115965,40.023548,25,252,42,101,28902,3,1508
2890200040,-75.118645,40.02429,25,252,42,101,28902,4,1234
2890200050,-75.115625,40.025694,25,252,42,101,28902,5,753
2900000010,-75.118817,40.027892,35,352,42,101,29000,1,1551
2900000020,-75.114842,40.030475,35,352,42,101,29000,2,2867
2900000030,-75.12044,40.030241,35,352,42,101,29000,3,1777
2910000010,-75.104367,40.038992,2,22,42,101,29100,1,729
2910000020,-75.109353,40.035149,2,22,42,101,29100,2,1828
2910000030,-75.106062,40.032009,2,22,42,101,29100,3,1424
2910000040,-75.109016,40.029693,2,22,42,101,29100,4,845
2920000010,-75.108456,40.026641,15,151,42,101,29200,1,2140
2920000020,-75.101372,40.024629,15,151,42,101,29200,2,1301
2920000030,-75.089966,40.027625,15,151,42,101,29200,3,764
2930000010,-75.089704,40.015378,15,151,42,101,29300,1,1150
2930000020,-75.091258,40.011456,15,151,42,101,29300,2,1876
2940000010,-75.082974,40.012163,15,151,42,101,29400,1,711
2940000020,-75.087152,40.00844,15,151,42,101,29400,2,1421
2940000030,-75.083959,40.010655,15,151,42,101,29400,3,1176
2980000010,-75.069194,40.020048,15,152,42,101,29800,1,1086
2980000020,-75.064617,40.015521,15,152,42,101,29800,2,1117
2980000030,-75.068596,40.016233,15,152,42,101,29800,3,799
2980000040,-75.066609,40.013899,15,152,42,101,29800,4,1067
2980000050,-75.070341,40.015188,15,152,42,101,29800,5,778
2990000010,-75.07721,40.013262,15,151,42,101,29900,1,1314
2990000020,-75.075527,40.010397,15,151,42,101,29900,2,860
2990000030,-75.071906,40.012845,15,151,42,101,29900,3,795
2990000040,-75.073075,40.016257,15,151,42,101,29900,4,1648
3000000010,-75.073916,40.0217,15,152,42,101,30000,1,2169
3000000020,-75.079205,40.017827,15,151,42,101,30000,2,1943
3000000030,-75.077432,40.019974,15,151,42,101,30000,3,1416
3000000040,-75.081523,40.014983,15,151,42,101,30000,4,1874
3010000010,-75.084079,40.020443,15,151,42,101,30100,1,1063
3010000020,-75.086519,40.018076,15,151,42,101,30100,2,2137
3010000030,-75.089722,40.019859,15,151,42,101,30100,3,781
3010000040,-75.092065,40.020226,15,151,42,101,30100,4,797
3010000050,-75.088668,40.022821,15,151,42,101,30100,5,1437
3020000010,-75.082321,40.023383,15,151,42,101,30200,1,1768
3020000020,-75.082945,40.029116,15,152,42,101,30200,2,1910
3020000030,-75.086029,40.026331,15,151,42,101,30200,3,1400
3020000040,-75.080349,40.02649,15,152,42,101,30200,4,2353
3050100010,-75.097361,40.044689,2,22,42,101,30501,1,1512
3050100020,-75.099983,40.040808,2,22,42,101,30501,2,1662
3050100030,-75.101213,40.042222,2,22,42,101,30501,3,2276
3050200010,-75.102288,40.046331,2,22,42,101,30502,1,1199
3050200020,-75.105339,40.047426,2,22,42,101,30502,2,1340
3050200030,-75.104296,40.04919,2,22,42,101,30502,3,1051
3050200040,-75.104244,40.042746,2,22,42,101,30502,4,1514
3050200050,-75.107854,40.044648,2,22,42,101,30502,5,743
3060000010,-75.099439,40.049821,2,22,42,101,30600,1,1397
3060000020,-75.089277,40.049485,2,22,42,101,30600,2,1835
3060000030,-75.095745,40.052998,2,22,42,101,30600,3,1901
3060000040,-75.094017,40.048258,2,22,42,101,30600,4,2009
3070000010,-75.086915,40.057984,2,23,42,101,30700,1,1258
3070000020,-75.088771,40.053327,2,22,42,101,30700,2,744
3070000030,-75.089771,40.058808,2,23,42,101,30700,3,1741
3080000010,-75.082349,40.056445,2,23,42,101,30800,1,834
3080000020,-75.080862,40.058165,2,23,42,101,30800,2,1042
3080000030,-75.081724,40.053996,2,23,42,101,30800,3,1818
3080000040,-75.083841,40.051489,2,22,42,101,30800,4,1444
3090000010,-75.082829,40.045789,2,22,42,101,30900,1,1817
3090000020,-75.084594,40.041824,2,21,42,101,30900,2,986
3090000030,-75.085816,40.045393,2,22,42,101,30900,3,1334
3100000010,-75.074521,40.045565,2,21,42,101,31000,1,1555
3100000020,-75.078468,40.048121,2,21,42,101,31000,2,2135
3100000030,-75.069981,40.05013,2,23,42,101,31000,3,1355
3100000040,-75.074183,40.052403,2,23,42,101,31000,4,2221
3110100010,-75.076628,40.043461,2,21,42,101,31101,1,1325
3110100020,-75.078026,40.042139,2,21,42,101,31101,2,850
3110100030,-75.079589,40.04024,2,21,42,101,31101,3,1420
3110100040,-75.08018,40.043639,2,21,42,101,31101,4,1599
3110200010,-75.084597,40.037679,2,21,42,101,31102,1,857
3110200020,-75.086057,40.035397,2,21,42,101,31102,2,909
3110200030,-75.08343,40.034958,2,21,42,101,31102,3,1222
3110200040,-75.081515,40.037897,2,21,42,101,31102,4,1630
3120000010,-75.0795,40.035589,2,21,42,101,31200,1,1190
3120000020,-75.075172,40.036662,2,21,42,101,31200,2,2163
3120000030,-75.078486,40.034386,2,21,42,101,31200,3,1451
3130000010,-75.071212,40.040526,2,21,42,101,31300,1,2757
3130000020,-75.067001,40.038501,2,21,42,101,31300,2,2853
3130000030,-75.073798,40.0415,2,21,42,101,31300,3,1806
3140100010,-75.068742,40.045145,2,21,42,101,31401,1,2955
3140100020,-75.066265,40.042795,2,21,42,101,31401,2,1684
3140100030,-75.065486,40.048202,2,23,42,101,31401,3,2817
3140200010,-75.058148,40.043354,2,23,42,101,31402,1,1482
3140200020,-75.062338,40.040577,2,21,42,101,31402,2,1748
3140200030,-75.060948,40.045134,2,23,42,101,31402,3,2726
3150100010,-75.050957,40.0344,15,153,42,101,31501,1,1661
3150100020,-75.046432,40.038219,15,153,42,101,31501,2,3703
3150100030,-75.048549,40.036331,15,153,42,101,31501,3,2017
3150200010,-75.056234,40.038571,15,153,42,101,31502,1,2261
3150200020,-75.052484,40.041793,15,153,42,101,31502,2,989
3150200030,-75.055266,40.036054,15,153,42,101,31502,3,1496
3160000010,-75.057799,40.034704,15,153,42,101,31600,1,960
3160000020,-75.056565,40.03136,15,152,42,101,31600,2,870
3160000030,-75.059857,40.028995,15,152,42,101,31600,3,756
3160000040,-75.061863,40.030867,15,152,42,101,31600,4,854
3160000050,-75.05955,40.032828,15,152,42,101,31600,5,927
3160000060,-75.054578,40.032935,15,153,42,101,31600,6,1097
3160000070,-75.061286,40.035404,15,153,42,101,31600,7,1265
3170000010,-75.066175,40.02919,15,152,42,101,31700,1,1479
3170000020,-75.069777,40.032356,15,152,42,101,31700,2,1647
3170000030,-75.064013,40.029073,15,152,42,101,31700,3,740
3170000040,-75.065557,40.032664,15,152,42,101,31700,4,1571
3170000050,-75.070182,40.02928,15,152,42,101,31700,5,1160
3180000010,-75.076006,40.032538,15,152,42,101,31800,1,1441
3180000020,-75.076661,40.029014,15,152,42,101,31800,2,1096
3180000030,-75.078952,40.030195,15,152,42,101,31800,3,742
3180000040,-75.081409,40.030974,15,152,42,101,31800,4,814
3190000010,-75.062427,40.0252,15,152,42,101,31900,1,1167
3190000020,-75.060278,40.022143,15,152,42,101,31900,2,1160
3190000030,-75.064179,40.019636,15,152,42,101,31900,3,838
3190000040,-75.065559,40.021969,15,152,42,101,31900,4,779
3190000050,-75.065532,40.024574,15,152,42,101,31900,5,1189
3200000010,-75.051006,40.02815,15,152,42,101,32000,1,904
3200000020,-75.053657,40.026822,15,152,42,101,32000,2,1025
3200000030,-75.056423,40.027759,15,152,42,101,32000,3,1131
3200000040,-75.057707,40.023423,15,152,42,101,32000,4,965
3200000050,-75.059754,40.02609,15,152,42,101,32000,5,1123
3200000060,-75.05596,40.024682,15,152,42,101,32000,6,1138
3200000070,-75.05349,40.029418,15,152,42,101,32000,7,1041
3210000010,-75.059705,40.015261,15,152,42,101,32100,1,1426
3210000020,-75.056556,40.017561,15,152,42,101,32100,2,1127
3210000030,-75.059894,40.018781,15,152,42,101,32100,3,1432
3230000010,-75.051455,40.019546,15,152,42,101,32300,1,715
3230000020,-75.054472,40.021674,15,152,42,101,32300,2,1494
3230000030,-75.049694,40.022141,15,152,42,101,32300,3,1869
3250000010,-75.047143,40.03077,15,153,42,101,32500,1,1107
3250000020,-75.046628,40.026445,15,152,42,101,32500,2,2646
3250000030,-75.044049,40.023695,15,153,42,101,32500,3,2457
3260000010,-75.039232,40.030448,15,153,42,101,32600,1,3039
3260000020,-75.041888,40.033471,15,153,42,101,32600,2,2850
3260000030,-75.037039,40.027244,15,153,42,101,32600,3,1872
3290000010,-75.027364,40.034064,15,153,42,101,32900,1,1504
3290000020,-75.024767,40.039811,8,81,42,101,32900,2,1234
3290000030,-75.029531,40.038172,15,153,42,101,32900,3,1693
3300000010,-75.034092,40.037847,15,153,42,101,33000,1,783
3300000020,-75.032722,40.036038,15,153,42,101,33000,2,836
3300000030,-75.036735,40.036771,15,153,42,101,33000,3,1151
3300000040,-75.030571,40.032532,15,153,42,101,33000,4,1949
3300000050,-75.03386,40.032544,15,153,42,101,33000,5,1579
3300000060,-75.037879,40.034765,15,153,42,101,33000,6,1109
3300000070,-75.034399,40.035037,15,153,42,101,33000,7,806
3310100010,-75.035808,40.041212,15,153,42,101,33101,1,3143
3310100020,-75.041041,40.039188,15,153,42,101,33101,2,2255
3310200010,-75.024021,40.045133,8,81,42,101,33102,1,1116
3310200020,-75.028013,40.043893,8,81,42,101,33102,2,1128
3310200030,-75.031054,40.042511,15,153,42,101,33102,3,847
3310200040,-75.030156,40.04625,8,81,42,101,33102,4,1387
3320000010,-75.048332,40.044559,15,153,42,101,33200,1,1873
3320000020,-75.047689,40.041896,15,153,42,101,33200,2,1419
3330000010,-75.041448,40.058908,8,81,42,101,33300,1,1610
3330000020,-75.043559,40.053634,15,153,42,101,33300,2,1473
3330000030,-75.04787,40.052298,15,153,42,101,33300,3,1256
3340000010,-75.048805,40.058112,7,71,42,101,33400,1,1002
3340000020,-75.052513,40.05409,2,23,42,101,33400,2,1644
3340000030,-75.05359,40.057041,2,23,42,101,33400,3,979
3340000040,-75.054643,40.050045,2,23,42,101,33400,4,1822
3350000010,-75.065536,40.057917,2,23,42,101,33500,1,1367
3350000020,-75.062139,40.053819,2,23,42,101,33500,2,1962
3350000030,-75.06809,40.054687,2,23,42,101,33500,3,885
3360000010,-75.058173,40.057905,2,23,42,101,33600,1,1678
3360000020,-75.060262,40.064952,7,71,42,101,33600,2,2344
3360000030,-75.063717,40.061442,2,23,42,101,33600,3,2674
3360000040,-75.054754,40.061835,7,71,42,101,33600,4,1459
3370100010,-75.048142,40.072632,7,71,42,101,33701,1,1923
3370100020,-75.051056,40.065173,7,71,42,101,33701,2,1207
3370100030,-75.048984,40.067607,7,71,42,101,33701,3,632
3370100040,-75.046011,40.062874,7,71,42,101,33701,4,1910
3370200010,-75.051656,40.073144,7,71,42,101,33702,1,1447
3370200020,-75.061269,40.070064,7,71,42,101,33702,2,2314
3370200030,-75.054135,40.068249,7,71,42,101,33702,3,1077
3370200040,-75.055934,40.069337,7,71,42,101,33702,4,841
3380000010,-75.073118,40.059153,2,23,42,101,33800,1,1863
3380000020,-75.078879,40.061897,2,23,42,101,33800,2,2488
3380000030,-75.068441,40.064665,2,23,42,101,33800,3,1934
3390000010,-75.088176,40.068655,2,23,42,101,33900,1,1341
3390000020,-75.082527,40.066653,2,23,42,101,33900,2,1765
3400000010,-75.070474,40.074069,7,71,42,101,34000,1,1097
3400000020,-75.07382,40.069058,2,23,42,101,34000,2,1147
3400000030,-75.077408,40.069225,2,23,42,101,34000,3,727
3410000010,-75.083233,40.073556,2,23,42,101,34100,1,1641
3410000020,-75.075746,40.07645,7,71,42,101,34100,2,1760
3410000030,-75.080999,40.080768,7,71,42,101,34100,3,1274
3410000040,-75.082023,40.077323,7,71,42,101,34100,4,1154
3420000010,-75.074982,40.081352,7,71,42,101,34200,1,1562
3420000020,-75.06991,40.081343,7,71,42,101,34200,2,2170
3440000010,-75.050152,40.084264,7,72,42,101,34400,1,1790
3440000020,-75.051668,40.088504,7,72,42,101,34400,2,1646
3440000030,-75.059257,40.100533,7,72,42,101,34400,3,2212
3440000040,-75.055403,40.095058,7,72,42,101,34400,4,2166
3450100010,-75.039354,40.073003,7,72,42,101,34501,1,1918
3450100020,-75.038938,40.07634,7,72,42,101,34501,2,1865
3450200010,-75.043906,40.083945,7,72,42,101,34502,1,1364
3450200020,-75.03442,40.080133,7,72,42,101,34502,2,2696
3450200030,-75.041537,40.081819,7,72,42,101,34502,3,1868
3460000010,-75.02605,40.067835,8,82,42,101,34600,1,1348
3460000020,-75.029799,40.072002,8,82,42,101,34600,2,1492
3470100010,-75.033521,40.067097,8,81,42,101,34701,1,963
3470100020,-75.030643,40.063865,8,81,42,101,34701,2,1973
3470100030,-75.034667,40.069867,8,81,42,101,34701,3,2150
3470100040,-75.031286,40.059412,8,81,42,101,34701,4,1650
3470200010,-75.026134,40.062471,8,81,42,101,34702,1,1848
3470200020,-75.03199,40.053767,8,81,42,101,34702,2,1168
3470200030,-75.025616,40.053529,8,81,42,101,34702,3,880
3480100010,-75.015079,40.054457,8,81,42,101,34801,1,1209
3480100020,-75.019878,40.058972,8,81,42,101,34801,2,1792
3480100030,-75.013402,40.051883,8,81,42,101,34801,3,1552
3480200010,-75.016743,40.066737,8,82,42,101,34802,1,2589
3480200020,-75.012967,40.064122,8,82,42,101,34802,2,1435
3480200030,-75.01135,40.061506,8,82,42,101,34802,3,1546
3480300010,-75.002571,40.05833,8,82,42,101,34803,1,1154
3480300020,-75.004359,40.06491,8,82,42,101,34803,2,2521
3480300030,-75.008215,40.061858,8,82,42,101,34803,3,841
3490000010,-75.007259,40.048936,8,81,42,101,34900,1,1094
3490000020,-75.011889,40.045653,8,81,42,101,34900,2,2517
3490000030,-75.014343,40.0415,8,81,42,101,34900,3,945
3490000040,-75.01834,40.041269,8,81,42,101,34900,4,1184
3510000010,-74.98468,40.04871,8,82,42,101,35100,1,919
3510000020,-74.989035,40.0481,8,82,42,101,35100,2,1414
3510000030,-74.987557,40.045853,8,82,42,101,35100,3,1935
3520000010,-74.986295,40.060277,8,82,42,101,35200,1,2294
3520000020,-74.994679,40.051167,8,82,42,101,35200,2,897
3520000030,-74.999639,40.054341,8,81,42,101,35200,3,1680
3530100010,-74.985378,40.069066,8,82,42,101,35301,1,2495
3530100020,-74.990552,40.069798,8,82,42,101,35301,2,1967
3530100030,-74.989191,40.06301,8,82,42,101,35301,3,798
3530200010,-74.991461,40.076831,8,82,42,101,35302,1,2133
3530200020,-74.996131,40.074552,8,82,42,101,35302,2,2586
3550000010,-75.023773,40.091787,7,72,42,101,35500,1,3034
3550000020,-75.032423,40.085559,7,72,42,101,35500,2,2141
3550000030,-75.028414,40.09313,7,72,42,101,35500,3,3064
3560100010,-75.037481,40.094114,7,72,42,101,35601,1,2182
3560100020,-75.035988,40.100801,7,72,42,101,35601,2,1672
3560100030,-75.04354,40.096439,7,72,42,101,35601,3,808
3560100040,-75.029533,40.099383,7,72,42,101,35601,4,1132
3560200010,-75.046921,40.103287,7,72,42,101,35602,1,1464
3560200020,-75.040776,40.10602,7,72,42,101,35602,2,2229
3570100010,-75.029961,40.107571,7,73,42,101,35701,1,2820
3570100020,-75.026383,40.112851,7,73,42,101,35701,2,2708
3570200010,-75.034753,40.112949,7,73,42,101,35702,1,2030
3570200020,-75.035569,40.117134,7,73,42,101,35702,2,3151
3580000010,-75.022663,40.124733,7,73,42,101,35800,1,1995
3580000020,-75.023384,40.117254,7,73,42,101,35800,2,1384
3580000030,-75.029188,40.120252,7,73,42,101,35800,3,2903
3590000010,-75.016449,40.116699,7,73,42,101,35900,1,2578
3590000020,-75.019926,40.108324,7,73,42,101,35900,2,2783
3600000010,-75.014912,40.098244,7,73,42,101,36000,1,1087
3600000020,-75.01657,40.101858,7,73,42,101,36000,2,2160
3600000030,-75.007984,40.105978,7,73,42,101,36000,3,0
3610000010,-74.985764,40.097041,8,83,42,101,36100,1,982
3610000020,-74.995701,40.102976,8,83,42,101,36100,2,1134
3610000030,-74.985685,40.093836,8,83,42,101,36100,3,1913
3620100010,-74.984632,40.079581,8,82,42,101,36201,1,1645
3620100020,-74.984757,40.085316,8,83,42,101,36201,2,828
3620100030,-74.990666,40.081196,8,82,42,101,36201,3,1439
3620100040,-74.986745,40.077822,8,82,42,101,36201,4,1181
3620200010,-74.980653,40.078909,8,82,42,101,36202,1,2263
3620200020,-74.980786,40.090673,8,83,42,101,36202,2,1385
3620200030,-74.977048,40.087412,8,83,42,101,36202,3,2543
3620300010,-74.971196,40.08229,8,83,42,101,36203,1,1565
3620300020,-74.969788,40.078571,8,83,42,101,36203,2,1094
3620300030,-74.975841,40.07504,8,83,42,101,36203,3,2475
3630100010,-74.970002,40.092377,8,83,42,101,36301,1,2103
3630100020,-74.964847,40.094511,8,83,42,101,36301,2,1740
3630200010,-74.978378,40.094974,8,83,42,101,36302,1,1482
3630200020,-74.981969,40.09881,8,83,42,101,36302,2,2230
3630300010,-74.975874,40.103737,8,83,42,101,36303,1,2158
3630300020,-74.973202,40.100481,8,83,42,101,36303,2,1434
3630300030,-74.971608,40.099073,8,83,42,101,36303,3,1616
3630300040,-74.965264,40.099912,8,83,42,101,36303,4,1487
3640000010,-74.987442,40.116352,7,73,42,101,36400,1,971
3650100010,-75.016703,40.131826,7,73,42,101,36501,1,2224
3650100020,-75.008766,40.124898,7,73,42,101,36501,2,960
3650100030,-75.013493,40.128572,7,73,42,101,36501,3,2514
3650200010,-74.993799,40.12377,7,73,42,101,36502,1,2582
3650200020,-75.003573,40.122777,7,73,42,101,36502,2,1548
3660000010,-75.143141,39.936067,3,31,42,101,36600,1,571
3660000020,-75.140252,39.955401,6,62,42,101,36600,2,396
3660000030,-75.140571,39.946377,6,63,42,101,36600,3,839
3660000040,-75.137274,39.961201,6,61,42,101,36600,4,365
3670000010,-75.145775,39.960441,6,61,42,101,36700,1,281
3670000020,-75.145372,39.963887,6,61,42,101,36700,2,2158
3670000030,-75.141239,39.96217,6,61,42,101,36700,3,1417
3690100010,-75.196594,39.947747,18,183,42,101,36901,1,0
3690100020,-75.202938,39.946828,18,183,42,101,36901,2,4
3690100030,-75.195718,39.949432,18,183,42,101,36901,3,0
3690100040,-75.193889,39.945368,18,183,42,101,36901,4,0
3690200010,-75.187251,39.95117,18,183,42,101,36902,1,0
3690200020,-75.197241,39.950621,18,183,42,101,36902,2,1821
3690200030,-75.195216,39.954607,18,183,42,101,36902,3,801
3690200040,-75.193101,39.954444,18,183,42,101,36902,4,783
3690200050,-75.189794,39.953488,18,183,42,101,36902,5,1597
3690200060,-75.18365,39.952656,18,183,42,101,36902,6,1596
3720000010,-75.169041,39.914522,3,33,42,101,37200,1,1026
3720000020,-75.162165,39.91393,3,33,42,101,37200,2,1534
3720000030,-75.166046,39.914762,3,33,42,101,37200,3,745
3720000040,-75.158616,39.913691,3,32,42,101,37200,4,1219
3730000010,-75.174681,39.910155,1,12,42,101,37300,1,1754
3730000020,-75.182132,39.910072,1,12,42,101,37300,2,2164
3730000030,-75.187936,39.902498,1,12,42,101,37300,3,1363
3730000040,-75.188513,39.911815,1,12,42,101,37300,4,632
3750000010,-75.255071,39.982519,19,191,42,101,37500,1,2160
3750000020,-75.248612,39.988707,19,191,42,101,37500,2,1914
3760000010,-75.152122,39.960177,6,61,42,101,37600,1,851
3760000020,-75.157751,39.961881,6,61,42,101,37600,2,1250
3760000030,-75.158894,39.95879,6,61,42,101,37600,3,1563
3770000010,-75.155029,39.983447,22,221,42,101,37700,1,1411
3770000020,-75.146817,39.98203,26,261,42,101,37700,2,2501
3770000030,-75.150282,39.982012,22,221,42,101,37700,3,671
3780000010,-75.11701,39.97123,26,263,42,101,37800,1,0
3780000020,-75.116914,39.97916,26,263,42,101,37800,2,824
3780000030,-75.079532,39.982728,24,243,42,101,37800,3,5
3780000040,-75.108945,39.975477,24,243,42,101,37800,4,0
3780000050,-75.096789,39.984891,24,243,42,101,37800,5,572
3780000060,-75.097323,39.980282,24,243,42,101,37800,6,6
3780000070,-75.09033,39.985346,24,243,42,101,37800,7,10
3780000080,-75.116521,39.976665,26,263,42,101,37800,8,972
3790000010,-75.102704,39.986891,24,243,42,101,37900,1,717
3790000020,-75.099518,39.987861,24,243,42,101,37900,2,1074
3790000030,-75.092058,39.991474,24,243,42,101,37900,3,843
3790000040,-75.101068,39.984887,24,243,42,101,37900,4,753
3790000050,-75.097634,39.986499,24,243,42,101,37900,5,882
3790000060,-75.094407,39.989333,24,243,42,101,37900,6,1044
3800000010,-75.079904,40.005153,15,151,42,101,38000,1,1218
3800000020,-75.075767,40.007431,15,151,42,101,38000,2,1284
3810000010,-75.055736,40.014297,15,152,42,101,38100,1,753
3820000010,-75.101249,39.994609,24,243,42,101,38200,1,916
3820000020,-75.104595,39.98913,24,243,42,101,38200,2,857
3820000030,-75.096387,40.002867,24,241,42,101,38200,3,1028
3830100010,-75.133493,40.013572,25,252,42,101,38301,1,2663
3840000010,-75.23574,40.066961,5,53,42,101,38400,1,1042
3840000020,-75.233559,40.070999,5,53,42,101,38400,2,1369
3850000010,-75.210612,40.074127,14,144,42,101,38500,1,1855
3860000010,-75.208336,40.055397,14,144,42,101,38600,1,1338
3870000010,-75.206074,40.078903,14,144,42,101,38700,1,1594
3870000020,-75.225811,40.086689,14,144,42,101,38700,2,655
3880000010,-75.196102,40.060034,14,144,42,101,38800,1,734
3880000020,-75.194201,40.057332,14,143,42,101,38800,2,1161
3880000030,-75.191951,40.056468,14,143,42,101,38800,3,798
3880000040,-75.196643,40.052209,14,143,42,101,38800,4,1190
3890000010,-75.166976,40.053101,14,141,42,101,38900,1,926
3890000020,-75.168977,40.058343,14,141,42,101,38900,2,1078
3890000030,-75.174786,40.054304,14,141,42,101,38900,3,984
3900100010,-75.089943,40.040914,2,21,42,101,39001,1,1001
3900100020,-75.090042,40.035295,2,21,42,101,39001,2,1242
3900100030,-75.088825,40.034161,2,21,42,101,39001,3,912
3900100040,-75.087338,40.033312,2,21,42,101,39001,4,824
3900200010,-75.097588,40.031191,2,21,42,101,39002,1,26
3900200020,-75.090895,40.03157,2,21,42,101,39002,2,1340
3900200030,-75.092535,40.032715,2,21,42,101,39002,3,1121
3900200040,-75.091934,40.029415,2,21,42,101,39002,4,1934
3910000010,-75.208419,39.937063,12,123,42,101,39100,1,0
3910000020,-75.215239,39.931563,12,123,42,101,39100,2,1142
3910000030,-75.21869,39.93088,12,123,42,101,39100,3,752
3910000040,-75.218138,39.932428,12,123,42,101,39100,4,683
98000100010,-75.196599,39.98501,22,224,42,101,980001,1,0
98000100020,-75.183466,39.967441,9,93,42,101,980001,2,3
98000200010,-75.204676,39.994559,16,161,42,101,980002,1,12
98000200020,-75.194053,39.973145,16,161,42,101,980002,2,0
98000300010,-75.182881,39.958695,16,161,42,101,980003,1,0
98000300020,-75.184089,39.955419,16,161,42,101,980003,2,21
98010000010,-75.208512,40.044002,14,143,42,101,980100,1,52
98020000010,-75.041221,40.060634,8,81,42,101,980200,1,336
98030000010,-74.989692,40.0883,8,83,42,101,980300,1,0
98030000020,-75.006855,40.096941,8,83,42,101,980300,2,0
98030000030,-75.011355,40.081142,8,82,42,101,980300,3,3
98040000010,-75.228108,39.880057,77,77,42,101,980400,1,0
98050000010,-75.144037,40.017731,25,251,42,101,980500,1,2
98060000010,-75.166298,39.905794,3,33,42,101,980600,1,2
98070100010,-75.145445,39.905052,3,32,42,101,980701,1,0
98070100020,-75.157962,39.905248,3,32,42,101,980701,2,0
98070100030,-75.137407,39.902168,3,32,42,101,980701,3,0
98070100040,-75.153184,39.899385,3,32,42,101,980701,4,0
98070200010,-75.145832,39.922435,3,32,42,101,980702,1,9
98080000010,-75.269333,39.975856,19,191,42,101,980800,1,13
98090100010,-75.246168,39.887676,12,121,42,101,980901,1,29
98090100020,-75.221433,39.899805,12,121,42,101,980901,2,0
98090100030,-75.212189,39.890969,12,121,42,101,980901,3,0
98090100040,-75.213228,39.922249,12,123,42,101,980901,4,3
98090100050,-75.212734,39.91358,12,121,42,101,980901,5,0
98090100060,-75.235462,39.898229,12,121,42,101,980901,6,10
98090100070,-75.207644,39.880221,12,121,42,101,980901,7,0
98090100080,-75.236211,39.903371,12,121,42,101,980901,8,2
98090200010,-75.204632,39.934627,17,172,42,101,980902,1,0
98090300010,-75.198553,39.937774,17,172,42,101,980903,1,6
98090400010,-75.203586,39.924632,1,11,42,101,980904,1,1
98090500010,-75.201254,39.898627,1,12,42,101,980905,1,0
98090600010,-75.198405,39.909582,1,12,42,101,980906,1,0
98910000010,-75.014198,40.033404,8,81,42,101,989100,1,1857
98910000020,-75.017737,40.03732,8,81,42,101,989100,2,1
98910000030,-75.018118,40.03043,8,81,42,101,989100,3,1830
98910000040,-74.997553,40.040742,8,81,42,101,989100,4,0
98920000010,-75.194207,39.896978,1,12,42,101,989200,1,0
98920000020,-75.189883,39.888406,1,12,42,101,989200,2,3
98920000030,-75.181011,39.896636,1,12,42,101,989200,3,0
98920000040,-75.179792,39.887486,1,12,42,101,989200,4,0
98920000050,-75.171829,39.889688,1,12,42,101,989200,5,0
98920000060,-75.155502,39.893824,1,12,42,101,989200,6,0
98920000070,-75.156185,39.890347,1,12,42,101,989200,7,0
98930000010,-75.127105,40.016223,25,252,42,101,989300,1,1
98930000020,-75.120737,40.008384,25,252,42,101,989300,2,64