complaint_id,complainant_sex,complainant_race,complainant_age,objectid
25-0680,Male,White,65,1
21-0001,Male,White,,2
21-0001,Female,Latino,35,3
21-0002,Female,Black,52,4
21-0003,Male,Black,59,5
21-0004,Male,Black,62,6
21-0005,Male,Latino,51,7
21-0006,Male,Latino,43,8
21-0007,,,,9
21-0008,Female,Black,49,10
21-0009,,,0,11
21-0010,Male,Black,48,12
21-0011,Male,Asian,37,13
21-0012,Female,Black,,14
21-0013,Male,Black,57,15
21-0014,Male,Black,32,16
21-0015,Female,Black,30,17
21-0015,Female,Black,29,18
21-0016,Male,Black,36,19
21-0017,Male,Black,59,20
21-0018,Male,Asian,35,21
21-0019,Male,,,22
21-0020,Male,Black,,23
21-0021,Male,Black,41,24
21-0022,Male,Black,55,25
21-0023,Female,Black,35,26
21-0024,Female,Black,60,27
21-0025,Male,,,28
21-0026,,,,29
21-0027,Female,Black,57,30
21-0028,Male,Black,58,31
21-0029,Male,Black,67,32
21-0030,Female,Black,36,33
21-0031,Male,Latino,,34
21-0032,Female,White,,35
21-0033,Male,White,29,36
21-0034,Female,Black,35,37
21-0035,Female,Latino,44,38
21-0037,Female,,28,39
21-0038,Male,Black,36,40
25-0681,Male,White,65,41
21-0039,Female,Black,35,42
21-0040,Male,Black,40,43
21-0041,Female,Black,36,44
21-0042,Male,Black,32,45
21-0043,Male,Black,26,46
21-0043,Male,Black,,47
21-0043,,,0,48
21-0044,Female,Black,33,49
21-0045,Male,Black,37,50
21-0046,Male,White,31,51
21-0047,Female,White,44,52
21-0048,Female,Latino,18,53
21-0049,Male,White,36,54
21-0050,Male,Asian,35,55
21-0051,Female,White,75,56
21-0052,Female,White,23,57
21-0053,Male,Black,49,58
21-0054,Female,Black,63,59
21-0055,Female,White,25,60
21-0056,Male,Black,58,61
21-0057,Male,Other,20,62
21-0058,Female,,40,63
21-0059,,,0,64
21-0060,Male,White,61,65
21-0061,Male,Multi Ethnic,,66
21-0062,Male,Asian,29,67
21-0063,Female,Black,35,68
25-0621,Female,,,69
26-0120,Female,Black,36,70
26-0120,Male,,0,71
21-0064,Female,Black,31,72
21-0065,Female,White,40,73
21-0066,Male,Black,43,74
21-0067,,,0,75
21-0068,Female,Black,,76
21-0069,Female,Black,43,77
21-0070,Male,Black,30,78
21-0071,Male,White,50,79
21-0072,Female,Black,54,80
21-0073,Male,,,81
21-0074,Female,Black,66,82
21-0075,Female,Black,,83
21-0076,Female,,,84
21-0077,Female,Black,65,85
21-0078,Female,,,86
21-0079,Male,Latino,39,87
21-0080,Male,Black,61,88
21-0081,Male,Black,26,89
21-0082,,Black,41,90
21-0083,Male,,,91
21-0083,Female,Black,,92
21-0084,Female,Latino,46,93
21-0085,Male,White,49,94
21-0086,Male,Black,39,95
21-0087,Female,Black,37,96
21-0088,Female,Black,54,97
21-0089,Female,Black,39,98
21-0089,Female,Black,,99
21-0090,Male,,,100
21-0091,Male,White,64,101
21-0092,Female,Black,42,102
21-0093,,White,41,103
21-0094,Male,Other,56,104
21-0096,Female,Black,19,105
21-0097,Male,Black,39,106
21-0098,Male,Black,34,107
21-0099,Male,White,56,108
21-0100,Male,Black,,109
21-0101,Female,Black,,110
21-0101,Male,Black,74,111
21-0102,Female,White,70,112
26-0121,Female,Latino,42,113
21-0103,Male,Black,43,114
21-0104,Male,Black,59,115
21-0105,Male,Latino,,116
21-0106,Male,Multi Ethnic,40,117
21-0107,Male,Black,40,118
21-0108,Male,Latino,36,119
21-0109,Male,Latino,51,120
21-0110,Female,Black,48,121
21-0111,Male,Black,42,122
21-0112,Male,Black,42,123
21-0113,Female,Black,30,124
21-0114,Female,,,125
21-0115,Female,Black,56,126
25-0509,Male,Black,39,127
25-0509,Female,White,29,128
25-0649,,,,129
21-0116,Female,Black,37,130
21-0117,Female,Black,22,131
21-0118,Male,White,61,132
21-0119,Male,White,45,133
21-0120,Female,Black,34,134
21-0121,Male,Black,30,135
21-0122,Female,,51,136
21-0123,Female,Latino,,137
21-0123,Male,Latino,,138
21-0123,Female,Latino,42,139
21-0124,Female,Black,59,140
21-0125,Male,Black,34,141
21-0126,Male,White,,142
25-0622,Male,Black,26,143
25-0653,Female,,60,144
21-0127,Female,Black,51,145
21-0128,Female,Black,57,146
21-0129,Male,White,31,147
21-0130,Male,Other,43,148
21-0131,Female,Latino,45,149
21-0132,Female,Black,,150
21-0132,Male,Black,,151
21-0132,Female,Black,45,152
21-0133,Male,Black,26,153
21-0134,Male,,,154
21-0135,Male,White,58,155
21-0136,Male,Black,,156
21-0136,Male,Black,63,157
25-0667,,Black,20,158
25-0654,Female,Black,35,159
26-0122,Female,White,44,160
21-0137,Male,Black,44,161
21-0138,Male,Asian,33,162
21-0139,Male,Black,50,163
21-0140,Male,Black,42,164
21-0141,Female,Black,67,165
21-0142,Male,Black,59,166
21-0143,Male,Black,59,167
21-0144,Male,Asian,35,168
21-0145,Female,Black,45,169
21-0146,Male,Black,50,170
21-0147,Female,Latino,38,171
21-0148,Male,White,32,172
21-0149,Male,Indian,45,173
21-0150,Female,Black,29,174
21-0151,Female,Black,42,175
21-0152,Female,Black,35,176
21-0153,Female,Black,49,177
21-0154,Female,,,178
21-0155,Female,White,49,179
21-0156,Female,Black,58,180
21-0157,Female,Black,,181
21-0157,Female,Black,50,182
21-0158,Male,White,44,183
21-0159,Male,Black,38,184
21-0160,Female,Black,46,185
21-0161,Male,Black,46,186
21-0162,Male,Black,51,187
21-0163,Male,Black,34,188
21-0164,Female,Latino,36,189
21-0165,Male,Latino,35,190
21-0166,Male,Black,26,191
21-0167,Female,Black,52,192
21-0168,Female,Black,35,193
21-0169,Female,Black,37,194
21-0170,Female,Black,57,195
21-0171,Female,,33,196
21-0172,Male,,57,197
21-0173,Female,Black,66,198
21-0174,Female,Asian,35,199
21-0175,Male,,,200
21-0176,Female,White,31,201
21-0177,Female,Black,64,202
21-0178,Male,Latino,51,203
21-0179,Male,,,204
25-0510,Male,Black,31,205
25-0655,Female,Black,40,206
21-0180,Male,Black,46,207
21-0181,Female,Black,26,208
21-0182,Female,Black,47,209
21-0183,Male,White,49,210
21-0184,Female,White,47,211
21-0185,Female,Black,28,212
21-0185,Male,Black,,213
21-0186,Male,Asian,57,214
21-0187,Male,Black,40,215
21-0188,Female,Black,69,216
21-0189,Female,Black,48,217
21-0190,Female,Black,60,218
21-0191,Female,White,33,219
21-0192,Female,Black,31,220
21-0192,Female,Black,31,221
21-0193,Female,White,32,222
21-0194,Male,White,60,223
21-0195,Male,White,54,224
21-0196,Male,White,55,225
21-0197,Female,,39,226
21-0198,Female,Latino,42,227
21-0199,Female,White,32,228
21-0200,Female,Black,29,229
21-0201,Female,Black,42,230
21-0202,Male,Black,29,231
21-0203,Male,Black,,232
21-0204,Male,Black,30,233
21-0205,Male,Black,40,234
21-0206,Female,Latino,27,235
21-0207,Female,Black,43,236
21-0208,Male,Latino,40,237
21-0209,,,,238
21-0210,Male,Black,28,239
21-0211,Male,White,45,240
21-0212,Male,Black,63,241
21-0213,Female,Black,,242
21-0214,Female,White,54,243
21-0215,Male,,,244
21-0216,Female,White,30,245
21-0217,Male,Black,33,246
21-0218,Female,Other,0,247
21-0219,Female,Black,39,248
21-0220,Female,Black,24,249
21-0221,Male,,55,250
21-0222,Female,,45,251
21-0223,Male,,32,252
21-0224,Female,,,253
21-0225,Male,Black,68,254
21-0226,Male,Black,42,255
21-0227,Male,White,61,256
21-0228,Female,White,35,257
25-0656,Male,White,70,258
21-0229,Female,Black,24,259
21-0231,Male,White,50,260
21-0232,Female,,34,261
21-0233,Male,,62,262
21-0234,Female,White,39,263
21-0235,Male,Latino,41,264
21-0236,,,,265
21-0236,Female,Black,55,266
21-0237,Male,White,32,267
21-0238,Female,Black,60,268
21-0239,Male,Latino,28,269
21-0240,Male,,,270
21-0241,Male,White,80,271
21-0242,Male,Black,33,272
21-0243,Female,Black,,273
21-0244,Female,,,274
21-0244,Male,,28,275
21-0245,Male,,,276
21-0246,Male,Latino,43,277
21-0247,Female,Black,34,278
21-0248,Male,Black,50,279
21-0249,Female,Black,32,280
21-0250,Female,White,36,281
21-0251,,,,282
21-0252,Male,Black,30,283
21-0253,Male,Black,40,284
21-0254,Female,Latino,52,285
21-0255,Male,Black,,286
21-0256,Male,Black,42,287
21-0257,Female,White,55,288
21-0258,Male,Black,41,289
21-0259,Female,White,32,290
21-0260,Male,Black,42,291
21-0261,Male,Black,,292
21-0262,Female,Latino,77,293
21-0263,Female,White,59,294
21-0264,,,,295
21-0265,Female,White,55,296
21-0266,,,,297
21-0267,Male,White,65,298
21-0268,Male,,,299
21-0269,Male,,,300
21-0270,Male,White,51,301
21-0270,Female,White,37,302
21-0271,Female,,45,303
21-0272,Male,,59,304
21-0273,Male,,,305
21-0273,Male,Black,57,306
21-0274,Female,,,307
21-0275,Female,Other,41,308
21-0276,Male,Black,39,309
21-0277,Male,Black,61,310
21-0278,Female,White,37,311
21-0279,Female,,44,312
21-0280,Female,Black,53,313
21-0281,Female,,38,314
21-0282,Female,Black,45,315
21-0283,Male,Black,40,316
21-0284,Female,Black,53,317
21-0285,Male,Black,37,318
21-0286,Male,Latino,47,319
21-0287,Male,White,35,320
25-0657,Female,White,72,321
21-0288,Male,Latino,30,322
21-0289,Male,Black,73,323
21-0290,Male,,42,324
21-0291,Female,Black,39,325
21-0292,Female,Black,44,326
21-0293,Female,Latino,55,327
25-0511,Male,Black,30,328
21-0294,Male,Black,37,329
21-0295,Male,White,38,330
21-0296,Male,Black,44,331
21-0297,Female,Latino,45,332
21-0298,Male,White,41,333
25-0658,Female,Black,23,334
21-0299,Female,Latino,32,335
21-0300,Male,White,,336
21-0300,Female,,,337
21-0301,Male,Black,27,338
21-0302,Female,Asian,32,339
21-0303,Female,Black,47,340
21-0304,Male,Black,26,341
21-0305,Male,Black,31,342
21-0306,Male,,,343
21-0306,,,,344
21-0306,,,,345
21-0307,Female,White,63,346
21-0308,Male,White,82,347
21-0309,Female,,,348
21-0309,Male,,,349
21-0310,Female,Latino,43,350
21-0311,Female,Black,55,351
21-0311,Female,Black,31,352
21-0312,Male,Black,78,353
21-0313,Female,Black,69,354
21-0314,Female,,,355
25-0512,Female,Black,51,356
25-0512,Male,Black,29,357
21-0315,Female,Black,,358
21-0316,Male,Black,34,359
21-0317,Male,Black,46,360
21-0318,Female,,48,361
25-0659,Male,Black,35,362
21-0319,Female,Black,67,363
21-0320,Male,Black,38,364
21-0322,Male,,57,365
21-0323,Male,Black,41,366
21-0324,Male,White,44,367
21-0325,Male,Black,47,368
21-0326,Female,Black,49,369
21-0327,Female,Black,49,370
21-0328,Female,Black,45,371
21-0329,,,36,372
21-0330,Male,Black,36,373
21-0331,Male,Black,56,374
21-0332,Male,Black,49,375
21-0333,Male,Black,53,376
21-0334,Female,Black,24,377
21-0335,Male,Black,55,378
21-0336,Female,Black,54,379
21-0337,Male,Asian,34,380
21-0338,Male,Black,68,381
21-0339,Male,Black,31,382
21-0340,Female,Latino,30,383
25-0660,Female,Black,85,384
21-0341,Male,Black,26,385
21-0342,Male,,,386
21-0343,Female,Black,37,387
21-0344,Male,,,388
25-0668,Male,White,0,389
21-0345,Female,Black,34,390
21-0346,Female,Latino,54,391
21-0347,Male,Latino,45,392
21-0348,Male,Black,39,393
21-0349,Male,Black,,394
21-0350,Male,,36,395
21-0351,Male,Black,46,396
21-0352,Female,Black,,397
21-0353,Female,Black,49,398
21-0354,Male,Black,28,399
21-0355,Male,Black,39,400
21-0356,Female,Black,70,401
21-0357,Female,,44,402
21-0358,Male,White,38,403
21-0359,Female,Latino,53,404
21-0360,Female,Black,44,405
21-0361,Male,White,40,406
21-0362,Female,Latino,,407
25-0682,Female,Black,31,408
21-0363,Male,,46,409
21-0364,Female,Black,39,410
21-0365,,,,411
21-0366,Female,Black,27,412
21-0367,Female,Black,23,413
21-0368,Male,,47,414
21-0369,Female,Latino,,415
21-0370,,,0,416
21-0371,Female,Black,63,417
21-0372,Female,Black,40,418
21-0373,Male,White,40,419
21-0374,Female,Latino,38,420
21-0375,Male,White,,421
21-0376,Female,Black,57,422
21-0377,,,,423
21-0378,Female,White,65,424
25-0513,Female,Black,29,425
21-0379,Male,Black,47,426
21-0380,Male,White,75,427
21-0381,Male,Latino,38,428
21-0382,Female,Black,39,429
21-0383,Male,Black,44,430
21-0384,Male,Black,64,431
21-0385,Female,White,59,432
21-0386,Male,,47,433
21-0387,Female,Black,25,434
21-0388,Male,White,93,435
21-0389,,,,436
21-0390,Female,Black,59,437
21-0390,,,,438
21-0391,Female,,37,439
21-0392,Female,Black,37,440
21-0393,Female,Black,28,441
21-0394,Male,White,43,442
21-0395,Male,,,443
21-0396,Male,White,42,444
21-0397,Male,Black,36,445
21-0398,Female,Latino,,446
21-0399,Male,Black,30,447
21-0400,Female,,40,448
25-0514,Female,Black,34,449
21-0401,Female,Black,30,450
21-0402,Female,,34,451
21-0403,Male,Black,,452
21-0404,Female,White,62,453
21-0405,Female,Black,48,454
21-0406,Male,,69,455
21-0407,Female,Black,29,456
21-0408,Male,Black,49,457
21-0409,Male,Latino,30,458
21-0409,Female,White,27,459
21-0410,Male,Black,,460
21-0411,Female,Black,47,461
21-0412,Female,Black,37,462
21-0413,Male,White,29,463
21-0414,Female,,45,464
21-0415,Male,Black,38,465
21-0416,Male,Black,34,466
21-0417,Male,White,40,467
21-0418,Male,,37,468
21-0419,Female,Black,45,469
21-0420,Male,Black,42,470
21-0421,Male,Black,39,471
21-0422,Female,Black,62,472
21-0423,Male,Black,41,473
21-0424,Female,White,65,474
21-0425,Female,White,,475
21-0426,Male,White,32,476
21-0427,Female,White,23,477
21-0428,Male,White,51,478
21-0429,Female,Other,0,479
21-0430,Male,Black,52,480
21-0431,Male,Black,70,481
21-0432,Female,White,66,482
21-0433,Female,Black,35,483
21-0434,Female,,,484
21-0435,Male,Black,20,485
21-0435,Female,,,486
21-0436,Female,White,31,487
21-0437,Female,White,,488
21-0437,Female,White,41,489
21-0438,Male,Black,30,490
21-0439,Male,Black,36,491
21-0440,Female,Latino,19,492
21-0440,Female,White,46,493
21-0441,Female,Black,60,494
21-0442,Female,,34,495
21-0443,Female,Black,57,496
21-0444,Female,Black,,497
21-0445,Female,,38,498
21-0446,Male,Black,32,499
21-0447,Male,Black,37,500
21-0448,Female,Black,53,501
21-0449,Male,White,66,502
21-0450,Female,Black,53,503
21-0451,Male,Black,34,504
21-0452,Male,White,81,505
21-0453,Male,Black,46,506
21-0454,Male,Black,41,507
21-0455,Female,Black,43,508
21-0456,Female,Black,63,509
21-0457,Male,,37,510
21-0458,Female,Black,40,511
21-0459,Male,Black,,512
21-0459,,,,513
21-0460,Male,Black,59,514
21-0461,Female,White,42,515
21-0462,Female,Black,50,516
21-0463,Male,Black,55,517
21-0464,Male,Black,33,518
21-0465,Male,Black,47,519
21-0466,Male,Black,61,520
21-0467,Male,White,29,521
21-0468,Female,,,522
21-0469,Male,Black,43,523
21-0470,Female,Black,42,524
21-0471,Female,Black,,525
21-0472,Male,White,29,526
21-0473,Male,Black,45,527
21-0474,Male,White,41,528
21-0475,Male,,,529
21-0476,Female,Black,51,530
21-0477,Male,,,531
21-0478,Female,White,44,532
21-0479,Female,Black,63,533
21-0480,Male,Black,23,534
21-0481,Female,Black,33,535
21-0482,Female,,,536
21-0483,Male,White,46,537
21-0484,Male,Latino,56,538
21-0485,Female,Black,37,539
21-0486,Female,Black,34,540
21-0487,Female,,,541
21-0487,Male,,69,542
21-0488,Male,White,42,543
21-0489,Male,White,51,544
21-0490,Female,Latino,,545
21-0490,Female,White,36,546
21-0491,Female,Black,37,547
21-0492,Male,Latino,40,548
21-0493,Male,Latino,,549
21-0494,Male,Black,25,550
21-0495,Female,White,55,551
25-0683,Female,Latino,31,552
21-0496,Male,White,,553
21-0497,Female,Latino,33,554
21-0498,Male,,,555
25-0669,Male,Black,35,556
21-0499,Female,Black,42,557
21-0500,Male,Black,59,558
21-0501,Male,Black,29,559
21-0502,Female,Black,,560
21-0503,Male,Black,30,561
21-0504,Female,Black,43,562
21-0505,Female,Black,55,563
21-0506,Male,White,39,564
21-0507,Female,Black,33,565
21-0508,,,,566
25-0518,Female,White,58,567
21-0509,Male,White,34,568
21-0510,Female,Black,67,569
21-0511,Male,,,570
21-0511,Male,Black,45,571
21-0512,Female,,47,572
21-0513,Male,White,39,573
21-0514,Female,,,574
21-0515,Male,Black,38,575
21-0516,Female,Black,37,576
21-0517,Male,,,577
21-0518,Female,,67,578
21-0519,Male,Black,51,579
21-0520,Female,Black,70,580
21-0521,Male,White,,581
21-0522,Male,Black,32,582
21-0523,Male,Black,65,583
21-0524,Female,,39,584
21-0525,Female,Latino,34,585
21-0526,Female,Black,53,586
21-0527,Female,Black,34,587
21-0528,Male,White,62,588
21-0529,Male,White,37,589
21-0530,Female,Black,58,590
21-0531,Male,Black,46,591
21-0532,Male,Black,35,592
21-0533,Male,,62,593
21-0534,Male,Black,32,594
21-0535,Male,Black,54,595
21-0536,Male,Black,61,596
21-0537,Male,Black,37,597
21-0538,Male,White,38,598
21-0539,Female,,,599
21-0540,Female,,,600
21-0541,Female,Black,47,601
21-0542,Male,Black,27,602
21-0543,Male,Latino,,603
21-0544,Male,,45,604
21-0545,Male,Black,40,605
21-0546,Female,,,606
26-0123,Male,White,26,607
21-0547,Female,Latino,53,608
21-0548,Female,White,38,609
21-0549,Male,,,610
21-0549,Male,,,611
25-0713,Male,Latino,64,612
21-0550,Female,Latino,39,613
21-0551,Female,Asian,62,614
21-0552,Female,,39,615
21-0553,Male,White,59,616
21-0554,Male,White,34,617
21-0555,Male,White,45,618
21-0556,Male,White,30,619
21-0557,Female,White,58,620
21-0558,Male,White,34,621
21-0559,Female,Black,30,622
21-0560,Female,White,35,623
21-0561,Female,White,26,624
21-0562,Female,Black,44,625
21-0563,Female,Black,40,626
21-0564,Female,Black,65,627
21-0565,Female,,44,628
21-0566,,,0,629
21-0567,Male,Black,21,630
21-0568,Male,Black,49,631
21-0569,,,0,632
21-0570,Female,White,61,633
21-0571,Male,,25,634
21-0572,Female,Black,56,635
21-0573,Female,Black,27,636
21-0574,Female,White,59,637
21-0575,Female,,,638
21-0576,Male,Black,60,639
21-0577,Female,Black,36,640
21-0578,Female,Black,54,641
21-0578,Male,,,642
21-0579,Male,Black,54,643
21-0580,Male,Black,47,644
21-0581,Female,Black,28,645
21-0582,Female,,,646
21-0583,Male,Black,66,647
21-0584,Male,Black,,648
21-0585,Female,Black,51,649
21-0586,Male,White,42,650
21-0587,Female,,42,651
21-0588,Female,White,70,652
21-0589,Female,,54,653
21-0590,Female,Black,57,654
21-0591,Male,White,69,655
21-0592,Female,White,39,656
21-0593,Male,White,36,657
21-0594,Male,White,47,658
21-0596,Male,Black,61,659
21-0597,Male,White,57,660
21-0598,Female,Black,27,661
21-0599,Female,White,50,662
21-0600,Female,Black,28,663
21-0601,Male,Latino,33,664
21-0602,Female,Black,43,665
21-0603,Male,Black,82,666
21-0604,Male,White,37,667
21-0605,Female,,57,668
21-0605,Male,Black,57,669
21-0606,Female,Latino,45,670
21-0607,Female,Black,63,671
21-0608,Female,,29,672
21-0609,Female,,,673
21-0610,Male,Black,40,674
21-0611,Male,Black,40,675
21-0612,Male,Black,57,676
21-0613,Female,,,677
21-0614,Male,Black,27,678
21-0615,Male,Black,33,679
21-0616,,,,680
22-0001,Female,White,58,681
22-0002,Female,Black,32,682
22-0003,Female,Black,54,683
22-0004,Male,Black,37,684
22-0005,Female,Black,63,685
22-0006,Female,,38,686
22-0007,Male,Latino,30,687
25-0623,Female,Black,35,688
22-0008,Female,Black,34,689
22-0009,Male,White,42,690
22-0010,Male,,,691
22-0011,Female,Other,47,692
22-0012,Female,Black,49,693
22-0013,Female,,38,694
22-0014,Male,Black,35,695
22-0015,Male,White,62,696
25-0624,Male,,,697
22-0016,Male,,46,698
22-0017,,,,699
22-0018,Female,Black,57,700
22-0019,Male,Black,,701
22-0020,Male,Indian,24,702
22-0021,Female,White,58,703
22-0022,Male,Black,30,704
22-0023,Female,Black,57,705
22-0024,Male,White,,706
22-0025,Female,White,52,707
22-0026,Male,White,46,708
22-0027,Male,White,43,709
22-0028,Male,Latino,55,710
22-0029,Female,White,53,711
22-0029,Female,White,,712
22-0030,Female,Latino,32,713
22-0031,Female,Black,42,714
22-0032,Male,Black,59,715
22-0033,Male,White,59,716
22-0034,Female,Black,28,717
22-0035,Female,Black,54,718
22-0036,Male,White,57,719
22-0037,Male,,,720
22-0038,Female,White,53,721
22-0039,Male,Black,57,722
22-0040,Male,Latino,60,723
22-0041,Male,Black,,724
22-0042,Female,White,27,725
22-0043,Female,White,50,726
22-0044,Male,White,32,727
22-0045,Female,White,,728
22-0046,Female,,50,729
25-0684,Male,Black,,730
22-0047,Male,Black,,731
22-0048,Male,,,732
22-0049,Female,White,26,733
22-0050,Male,White,63,734
22-0051,Male,White,49,735
22-0052,Female,Black,58,736
22-0053,Male,,,737
22-0054,Female,,,738
22-0054,Male,,,739
22-0055,Male,Black,39,740
22-0056,Female,,,741
22-0057,Male,,41,742
22-0058,Female,Black,71,743
22-0059,Male,White,30,744
25-0625,Female,Latino,38,745
22-0060,Female,,46,746
22-0061,Male,,,747
22-0062,Female,White,55,748
22-0063,Female,Asian,24,749
22-0064,Male,Black,56,750
22-0065,Male,Black,24,751
22-0066,Male,Black,,752
22-0067,Male,White,50,753
22-0068,,,,754
22-0069,Female,,,755
22-0070,Female,Black,63,756
22-0071,Female,Black,46,757
22-0072,Male,Black,37,758
22-0073,Male,,,759
22-0074,Female,,,760
22-0075,Female,Latino,38,761
22-0076,,,0,762
22-0077,,,0,763
22-0078,Male,Black,32,764
22-0079,Female,White,51,765
22-0080,Female,,37,766
22-0081,Female,White,33,767
22-0082,Female,Black,32,768
22-0083,,,,769
22-0084,Male,White,,770
22-0085,Female,Black,43,771
22-0086,Female,Black,38,772
22-0087,Male,White,38,773
22-0088,Male,Black,,774
22-0089,Male,Black,36,775
22-0090,Female,Black,61,776
22-0091,Male,Latino,48,777
22-0092,Male,Black,52,778
25-0531,Male,Black,35,779
22-0093,Female,White,,780
22-0094,Female,Black,60,781
22-0095,Male,Black,52,782
22-0096,Female,Latino,,783
22-0097,Female,,38,784
22-0098,Male,Latino,40,785
22-0099,Male,Black,,786
22-0100,Female,White,,787
22-0101,Male,Black,36,788
22-0102,Male,Black,52,789
22-0103,Male,Black,,790
22-0104,,,,791
22-0105,Female,Black,62,792
22-0106,Male,Black,47,793
22-0107,,,,794
22-0107,,,,795
22-0108,Female,White,76,796
22-0108,Male,White,82,797
22-0109,Male,White,34,798
22-0110,Female,White,,799
22-0111,Male,Black,30,800
22-0112,Male,Black,,801
22-0113,Male,Black,44,802
22-0114,Female,Black,32,803
22-0115,Female,Black,,804
22-0116,Female,,46,805
22-0117,Male,Black,50,806
22-0118,Female,Black,53,807
22-0119,Female,Latino,38,808
22-0120,Female,White,55,809
22-0121,Male,White,57,810
22-0122,,,,811
22-0123,Male,,,812
22-0124,Female,White,29,813
22-0125,Male,Black,49,814
22-0126,Female,Black,43,815
22-0127,Female,Black,43,816
22-0128,Female,Black,62,817
22-0128,Male,,,818
22-0129,Male,Black,39,819
22-0130,,,0,820
22-0131,Female,Black,,821
22-0131,Male,Black,27,822
22-0132,Male,,,823
22-0133,Female,Latino,64,824
22-0134,Female,Black,37,825
22-0135,Female,,,826
22-0136,Male,Black,29,827
22-0137,Female,Black,29,828
22-0138,,,,829
22-0139,Female,Black,62,830
22-0140,Male,White,77,831
22-0141,Male,,,832
22-0142,Male,White,28,833
22-0143,Male,,60,834
22-0144,Male,Black,25,835
22-0145,Female,White,27,836
26-0051,Male,White,45,837
22-0146,Male,Black,34,838
22-0147,Male,Black,,839
22-0148,,,,840
22-0149,Female,Black,78,841
22-0150,Male,Black,33,842
22-0151,Male,White,41,843
22-0152,Male,Black,30,844
22-0152,Female,Black,22,845
22-0153,Male,White,76,846
22-0154,Male,Black,43,847
22-0155,Male,Black,37,848
22-0156,Male,Latino,61,849
22-0157,Female,White,36,850
22-0158,Female,Black,35,851
26-0124,Male,Black,47,852
22-0159,Female,Native Hawaiian Or Other Pacific Islande,53,853
22-0160,Female,Native Hawaiian Or Other Pacific Islande,37,854
22-0161,Male,Black,55,855
22-0162,Female,White,36,856
22-0163,Female,,,857
22-0164,Male,Black,40,858
22-0165,Male,Black,61,859
22-0166,Male,White,40,860
22-0167,Male,White,,861
22-0168,Female,Black,64,862
22-0169,Female,Black,45,863
25-0661,Male,Black,45,864
22-0170,Female,Black,51,865
25-0546,,Black,54,866
22-0171,Male,Black,26,867
22-0172,Female,Black,52,868
22-0173,Female,Black,43,869
22-0174,Male,Black,61,870
22-0175,Female,Black,38,871
22-0176,Female,White,,872
22-0177,Female,Black,51,873
22-0177,Female,,,874
22-0178,Female,Black,34,875
22-0179,Female,Black,59,876
22-0180,Male,Black,34,877
22-0181,Female,Black,56,878
22-0182,Female,Black,31,879
22-0183,Female,White,65,880
22-0184,Female,Black,34,881
22-0185,Female,White,68,882
22-0186,Female,White,62,883
22-0187,Female,,35,884
25-0662,Female,Latino,68,885
22-0188,Male,White,35,886
22-0189,,,,887
22-0190,Male,Black,45,888
22-0191,Male,Latino,28,889
22-0192,Female,Latino,38,890
22-0193,Female,Black,35,891
22-0194,Male,Black,42,892
22-0195,,,,893
22-0196,Female,Latino,52,894
26-0125,Female,Black,23,895
22-0197,Male,Latino,35,896
22-0198,Male,White,54,897
22-0199,Female,Latino,46,898
22-0200,Female,Black,29,899
22-0201,Female,,,900
22-0202,Female,,33,901
22-0203,Female,White,54,902
22-0204,Female,Latino,40,903
22-0205,Female,Latino,56,904
22-0206,,,,905
22-0207,Male,Black,56,906
22-0208,Male,Black,61,907
22-0209,Female,Black,58,908
22-0210,Female,Black,27,909
22-0211,Female,Black,36,910
22-0212,Male,Black,37,911
22-0213,Female,Black,,912
22-0214,Female,Black,,913
22-0215,Female,White,38,914
22-0216,Female,Black,34,915
22-0217,Male,Black,37,916
22-0218,Female,Black,67,917
22-0219,Male,,60,918
22-0220,Female,White,49,919
22-0221,Female,Latino,34,920
22-0222,Male,White,42,921
22-0222,Female,White,46,922
22-0223,Female,Latino,31,923
22-0224,Female,White,49,924
22-0225,Female,,,925
22-0226,Female,Black,65,926
22-0227,Female,Black,65,927
22-0228,Male,Black,37,928
22-0229,Male,White,21,929
22-0230,Female,Black,25,930
22-0231,Female,Black,47,931
22-0232,Female,White,36,932
22-0233,Male,Black,26,933
22-0234,Female,Black,35,934
22-0235,Female,Black,57,935
22-0236,Male,Black,33,936
22-0237,Male,White,,937
22-0238,Male,Black,32,938
22-0239,Female,,,939
22-0239,Male,Black,80,940
22-0240,Female,,,941
22-0240,Female,Black,29,942
22-0241,Female,Latino,28,943
22-0242,Male,Black,27,944
25-0626,Female,Black,49,945
22-0243,Male,Black,69,946
22-0244,Male,White,34,947
22-0245,Male,Black,40,948
22-0246,Female,,38,949
22-0247,Male,Black,,950
22-0248,,,0,951
22-0249,Female,White,36,952
22-0250,Male,Black,27,953
22-0251,Male,Black,37,954
22-0252,Male,White,,955
22-0252,Female,White,40,956
22-0253,Male,Black,30,957
22-0255,Male,Black,66,958
22-0256,Female,,47,959
22-0257,Male,Black,37,960
22-0258,Female,White,53,961
22-0259,Female,Black,34,962
22-0260,Female,,42,963
22-0261,Female,White,72,964
22-0262,Male,Black,43,965
22-0263,Female,,,966
22-0264,Female,Black,26,967
22-0265,Female,,33,968
22-0266,Male,White,45,969
22-0267,Male,,,970
22-0268,Female,,64,971
22-0269,Male,Black,46,972
22-0270,Male,White,39,973
22-0271,Female,Black,54,974
22-0272,Male,White,38,975
22-0273,Female,Black,25,976
22-0274,Male,Black,27,977
22-0275,Female,Black,50,978
22-0276,Male,Black,41,979
22-0277,Female,Multi Ethnic,31,980
22-0278,Female,Black,72,981
22-0279,Female,Black,24,982
22-0279,Male,Latino,35,983
22-0280,Female,Black,52,984
22-0281,Female,White,30,985
22-0282,Male,Black,55,986
22-0283,Male,,,987
26-0126,Female,White,57,988
22-0284,Female,Black,34,989
22-0285,Female,White,59,990
22-0286,Female,Latino,42,991
22-0287,Male,Black,,992
22-0287,Female,Black,57,993
22-0288,Female,Black,46,994
22-0289,,,,995
22-0290,Female,Black,53,996
22-0291,Male,,33,997
22-0292,Male,White,62,998
22-0293,Male,Black,56,999
22-0293,Female,Black,69,1000
22-0294,Male,,,1001
22-0295,Female,Black,36,1002
22-0296,Female,White,46,1003
22-0297,,,,1004
22-0298,Male,Black,49,1005
22-0299,Female,,,1006
22-0300,Male,White,54,1007
22-0301,Female,Black,25,1008
22-0302,Female,Black,54,1009
22-0303,Male,Black,43,1010
22-0304,,,0,1011
22-0305,Male,Black,35,1012
22-0306,Female,Black,65,1013
22-0307,Male,,,1014
26-0127,,White,26,1015
22-0308,Male,White,79,1016
22-0309,Male,White,54,1017
22-0310,Female,Black,23,1018
22-0311,Male,Black,22,1019
22-0312,Female,Asian,38,1020
22-0313,,,0,1021
22-0314,Female,White,36,1022
22-0315,Male,,,1023
22-0316,Male,,46,1024
22-0317,Male,Black,37,1025
22-0318,,,,1026
22-0319,Male,Black,,1027
22-0320,Male,Black,38,1028
22-0321,Female,Black,28,1029
22-0322,Female,Black,32,1030
22-0323,Male,Black,48,1031
22-0324,Male,Black,34,1032
22-0325,Female,White,55,1033
22-0326,Male,Latino,38,1034
22-0327,Male,Black,48,1035
22-0328,Female,White,57,1036
22-0329,Female,Black,58,1037
22-0330,Female,White,72,1038
22-0331,Female,Black,31,1039
22-0332,Female,White,66,1040
22-0333,Male,White,57,1041
22-0334,Female,,,1042
22-0335,Female,,,1043
22-0336,Male,Black,32,1044
22-0337,Female,Black,34,1045
22-0338,Male,Black,60,1046
22-0339,Female,,25,1047
22-0340,Female,Asian,71,1048
22-0341,Female,White,40,1049
22-0342,Female,Latino,48,1050
22-0343,Male,Black,30,1051
22-0344,Female,White,55,1052
22-0345,Male,White,70,1053
22-0346,Male,Black,45,1054
22-0347,Female,White,32,1055
22-0348,Male,,46,1056
22-0349,Female,Black,76,1057
22-0350,Male,Latino,38,1058
22-0351,Male,White,81,1059
22-0352,Male,Black,31,1060
22-0353,Female,Black,47,1061
22-0354,Male,Latino,57,1062
22-0355,Male,Black,32,1063
22-0356,Female,Black,64,1064
22-0357,Female,Black,51,1065
22-0358,Male,Latino,26,1066
22-0359,Male,Black,50,1067
22-0360,Female,,48,1068
22-0361,Male,Black,28,1069
22-0362,,,,1070
22-0363,Male,Asian,29,1071
22-0364,,,,1072
22-0365,Male,Black,37,1073
22-0366,Male,,58,1074
22-0367,Male,,,1075
22-0368,Female,White,26,1076
22-0369,,,,1077
22-0370,Female,,,1078
22-0371,Female,Black,37,1079
22-0372,Male,White,55,1080
22-0373,Male,White,41,1081
22-0374,Male,Black,,1082
22-0375,Male,Black,48,1083
22-0376,Male,White,30,1084
22-0377,Female,Black,27,1085
22-0378,Male,White,,1086
22-0379,Male,,,1087
22-0380,Female,Black,39,1088
22-0381,Male,,24,1089
22-0382,,,,1090
22-0383,Female,Latino,50,1091
22-0384,Male,Black,44,1092
22-0385,Female,Black,25,1093
22-0386,Male,White,23,1094
22-0387,Male,White,17,1095
22-0388,Male,Black,51,1096
22-0389,Male,Black,58,1097
22-0390,Female,,57,1098
22-0391,Female,Black,50,1099
22-0392,Male,Black,30,1100
22-0393,Female,Black,59,1101
22-0394,Male,Black,69,1102
22-0395,Male,Black,26,1103
22-0396,Male,Black,44,1104
22-0397,Female,Black,53,1105
22-0398,Male,,60,1106
22-0399,Female,Latino,39,1107
22-0400,Male,,44,1108
22-0401,Male,Black,37,1109
22-0401,Female,,,1110
22-0402,Female,,,1111
22-0403,Female,Black,,1112
22-0404,Male,White,31,1113
25-0663,Male,Latino,49,1114
22-0405,Male,White,39,1115
22-0406,Male,Latino,,1116
22-0406,Male,White,,1117
22-0407,,,,1118
22-0408,,Black,28,1119
22-0408,Male,,,1120
25-0650,Male,Latino,54,1121
22-0409,,,,1122
22-0410,Female,White,58,1123
22-0411,Female,Black,27,1124
22-0412,Female,Black,57,1125
22-0413,Male,Black,48,1126
22-0414,Female,Black,44,1127
22-0415,Male,Black,49,1128
22-0416,Female,White,30,1129
22-0417,Female,White,65,1130
22-0418,Female,,,1131
22-0419,,,,1132
22-0420,,,,1133
22-0421,Female,,,1134
22-0422,,,,1135
22-0423,Female,,,1136
22-0424,Male,Latino,36,1137
22-0425,Female,White,45,1138
22-0425,Male,White,52,1139
22-0425,Female,White,,1140
22-0426,,,,1141
22-0427,Male,Black,42,1142
22-0428,Female,,,1143
22-0429,Male,,,1144
22-0430,Female,Black,53,1145
22-0431,Female,Black,,1146
22-0432,Male,White,48,1147
22-0433,,,,1148
22-0434,Male,,,1149
22-0435,Male,White,28,1150
22-0436,Female,Black,29,1151
22-0437,Female,White,26,1152
22-0438,Male,Black,32,1153
22-0439,Female,Black,32,1154
22-0440,Female,Latino,40,1155
22-0441,Male,Black,48,1156
22-0442,Female,,,1157
22-0443,Female,Latino,57,1158
22-0444,Male,Black,37,1159
22-0445,Female,Black,38,1160
22-0446,Female,Black,,1161
22-0447,Female,Black,39,1162
22-0448,Male,Latino,38,1163
22-0449,Female,,32,1164
22-0449,Male,,34,1165
22-0450,Male,Black,38,1166
22-0451,Female,Black,35,1167
22-0452,Male,Black,43,1168
22-0453,Female,White,47,1169
22-0454,Female,Black,46,1170
22-0455,Female,White,35,1171
22-0456,Female,Asian,26,1172
22-0457,Male,White,32,1173
22-0458,Male,Black,50,1174
22-0459,Female,White,39,1175
22-0460,Male,White,23,1176
22-0461,Female,Black,71,1177
22-0462,Female,White,38,1178
22-0463,Male,White,45,1179
22-0464,Male,Black,45,1180
22-0465,Female,Black,41,1181
22-0466,Female,Black,34,1182
22-0467,Male,Black,76,1183
22-0468,Female,White,28,1184
22-0469,Female,White,56,1185
22-0470,Male,Black,38,1186
22-0471,Male,Black,20,1187
22-0472,Female,Black,41,1188
22-0473,Female,Black,24,1189
22-0474,Male,White,25,1190
22-0474,Male,White,25,1191
22-0475,Female,Black,45,1192
22-0476,,,0,1193
22-0477,Female,Black,,1194
22-0478,Male,Black,,1195
22-0479,Female,Black,56,1196
22-0480,Female,White,38,1197
22-0481,Female,Black,47,1198
22-0482,Female,White,25,1199
22-0483,Female,Black,56,1200
22-0484,Female,,31,1201
22-0485,Male,Black,35,1202
22-0486,Female,Black,,1203
22-0487,Male,Latino,70,1204
22-0488,Female,Asian,28,1205
22-0489,Male,Black,39,1206
22-0490,Female,White,38,1207
22-0491,Female,White,21,1208
22-0492,Female,White,37,1209
22-0493,Female,Black,40,1210
22-0494,Male,Black,68,1211
22-0495,Male,White,46,1212
22-0496,Female,Black,20,1213
22-0497,Female,Black,40,1214
25-0572,Female,Latino,27,1215
22-0498,Male,Black,,1216
22-0499,Male,Black,47,1217
22-0500,Male,White,26,1218
22-0501,Female,,34,1219
22-0502,Female,Black,40,1220
22-0503,Male,Black,45,1221
22-0504,Male,Latino,29,1222
22-0505,Male,Latino,64,1223
22-0506,Male,Black,28,1224
22-0507,Male,Black,39,1225
22-0508,Female,White,39,1226
25-0547,Female,White,30,1227
22-0509,Male,Black,46,1228
22-0510,,,,1229
22-0511,Female,Black,39,1230
22-0512,Female,Latino,34,1231
22-0513,Male,Latino,26,1232
22-0514,Female,Black,26,1233
22-0516,Male,Black,59,1234
22-0517,Female,White,47,1235
25-0515,Female,Black,33,1236
22-0518,Female,White,53,1237
22-0519,Female,Black,62,1238
22-0520,Male,White,42,1239
22-0521,,,,1240
22-0522,Female,Black,38,1241
22-0523,Male,Black,24,1242
22-0524,Female,Latino,35,1243
22-0525,Female,Black,58,1244
22-0526,Male,Black,56,1245
22-0527,Male,Black,36,1246
22-0528,Male,,,1247
22-0529,Male,Black,31,1248
22-0530,Male,Black,38,1249
22-0531,Female,Latino,23,1250
22-0532,,,,1251
22-0533,Female,Black,33,1252
22-0534,Female,Black,47,1253
22-0535,Male,White,48,1254
22-0536,Female,Black,48,1255
22-0537,Male,White,56,1256
22-0538,Female,,47,1257
22-0539,Male,Black,39,1258
22-0540,Male,White,22,1259
22-0541,Male,Black,71,1260
22-0542,Male,,,1261
22-0543,Male,Black,30,1262
22-0544,Male,White,27,1263
22-0545,,,,1264
22-0546,Female,Black,67,1265
22-0547,,,,1266
22-0547,Female,Black,29,1267
22-0548,Female,Black,45,1268
22-0549,Female,Black,52,1269
22-0550,Male,,,1270
22-0551,Male,Latino,26,1271
22-0552,Female,White,32,1272
22-0553,Female,,47,1273
22-0554,Female,White,73,1274
22-0555,Male,Black,31,1275
22-0556,Male,White,,1276
22-0557,Male,Black,34,1277
22-0558,Female,Black,62,1278
22-0559,Male,Black,56,1279
22-0560,,,0,1280
22-0561,Male,,,1281
22-0562,Male,White,33,1282
22-0563,Male,Black,35,1283
22-0564,Male,Black,,1284
22-0565,Male,White,37,1285
22-0566,Male,Black,55,1286
22-0567,,,0,1287
22-0568,,,,1288
22-0569,Male,White,63,1289
22-0570,Female,Black,39,1290
22-0571,Male,White,42,1291
22-0572,,,,1292
22-0573,Male,,,1293
22-0574,Male,White,22,1294
22-0575,Male,Black,42,1295
22-0576,Female,Black,60,1296
22-0577,Female,Black,30,1297
22-0578,Male,Latino,55,1298
22-0579,Male,,36,1299
22-0580,Male,Black,,1300
22-0581,Female,White,65,1301
22-0582,Female,White,78,1302
22-0583,Female,Latino,32,1303
22-0584,Female,Latino,49,1304
22-0585,Male,Black,50,1305
22-0586,Female,,,1306
22-0587,,,0,1307
22-0588,Female,Black,47,1308
22-0589,Male,Black,40,1309
22-0590,Male,Black,69,1310
22-0591,Male,Black,60,1311
22-0592,Female,Black,45,1312
22-0593,Male,Black,49,1313
22-0594,Male,White,38,1314
22-0595,Female,Black,41,1315
22-0596,Female,,52,1316
22-0597,Male,White,65,1317
22-0598,Female,,19,1318
22-0599,,Black,,1319
22-0600,Female,Black,50,1320
22-0601,Female,Black,20,1321
22-0601,Female,Black,44,1322
22-0602,Female,Black,,1323
22-0603,Female,Black,41,1324
22-0603,Male,Black,18,1325
25-0714,Male,Black,39,1326
22-0604,Male,White,73,1327
22-0605,Male,Black,22,1328
22-0606,Male,,,1329
22-0607,Female,White,60,1330
22-0608,Female,Black,51,1331
22-0609,Female,White,26,1332
22-0610,Male,Black,27,1333
22-0611,Male,Black,37,1334
22-0612,Female,Black,40,1335
22-0613,Male,Asian,52,1336
22-0614,Male,Black,29,1337
22-0615,Female,Black,46,1338
22-0616,Male,Black,39,1339
22-0617,Female,Latino,64,1340
22-0618,,,,1341
22-0619,Female,Black,46,1342
22-0620,Male,Black,25,1343
22-0621,Male,Black,55,1344
22-0622,Male,Black,60,1345
22-0623,Female,Black,22,1346
23-0001,Female,Black,51,1347
23-0002,Female,Black,,1348
23-0003,Female,Black,29,1349
23-0004,Female,Black,31,1350
23-0005,Male,White,41,1351
23-0006,Male,Black,53,1352
23-0007,Female,Latino,,1353
23-0007,Female,Latino,28,1354
23-0008,Male,Latino,32,1355
23-0009,,,,1356
23-0010,Male,Black,33,1357
23-0011,Male,Black,40,1358
23-0012,Male,Black,37,1359
23-0013,Male,Black,37,1360
23-0014,Male,Black,59,1361
23-0015,Female,Black,61,1362
23-0016,,,,1363
23-0017,Male,,33,1364
23-0018,Male,Black,43,1365
23-0019,Female,Black,,1366
23-0020,Male,White,30,1367
23-0022,Female,White,47,1368
23-0023,Female,Black,,1369
25-0651,Male,Black,48,1370
23-0024,Female,Black,41,1371
23-0025,Male,Black,36,1372
23-0026,Male,Black,63,1373
23-0027,Male,Black,35,1374
23-0028,Female,,,1375
23-0029,Male,White,38,1376
23-0030,Male,White,38,1377
23-0031,Male,White,38,1378
23-0032,Female,White,44,1379
23-0033,Male,Black,,1380
23-0034,Female,White,,1381
23-0035,Male,White,38,1382
23-0036,Male,,,1383
23-0037,Female,Black,,1384
23-0038,Female,Black,33,1385
23-0039,Male,Latino,36,1386
23-0040,Male,White,32,1387
23-0041,Male,White,61,1388
23-0042,Male,White,29,1389
23-0043,Female,Black,36,1390
23-0044,Female,White,51,1391
23-0045,Female,Black,45,1392
23-0046,Female,,45,1393
23-0047,Male,Black,32,1394
23-0048,Female,Black,67,1395
23-0049,Female,Black,45,1396
23-0050,Female,Black,,1397
23-0051,Female,Black,56,1398
23-0052,Female,Black,29,1399
23-0053,Female,Black,38,1400
23-0054,Male,White,72,1401
23-0055,Female,Black,41,1402
23-0056,,Black,22,1403
23-0057,Male,White,38,1404
23-0058,Male,White,38,1405
23-0059,Male,White,30,1406
23-0060,,,,1407
23-0061,Male,Black,72,1408
23-0062,Female,White,49,1409
23-0064,Male,Black,25,1410
23-0065,Male,Black,21,1411
23-0066,Female,Black,43,1412
23-0067,Female,White,26,1413
23-0068,Female,Black,45,1414
23-0069,Male,Latino,29,1415
23-0070,Male,Black,37,1416
23-0071,Female,White,41,1417
23-0072,Male,Black,24,1418
23-0073,Male,White,37,1419
23-0074,,White,30,1420
23-0075,Male,Latino,24,1421
23-0076,Male,Black,36,1422
23-0077,Female,Black,37,1423
23-0078,,,0,1424
23-0079,Male,Black,31,1425
23-0080,Male,Black,62,1426
23-0081,Female,Black,28,1427
23-0082,Female,,,1428
23-0083,Male,Asian,27,1429
23-0084,Female,Black,28,1430
23-0085,Female,,50,1431
23-0086,Male,Black,57,1432
23-0087,Male,Black,32,1433
23-0088,Male,Black,27,1434
23-0089,Female,White,45,1435
23-0090,Male,Black,38,1436
23-0091,Female,,38,1437
23-0092,Male,White,59,1438
23-0093,Male,Latino,59,1439
23-0094,Male,White,53,1440
23-0095,Female,Black,34,1441
23-0096,Female,Black,73,1442
23-0097,Male,Black,33,1443
23-0098,,Black,,1444
23-0099,Female,Black,,1445
23-0100,Female,Black,46,1446
23-0101,Female,White,63,1447
23-0102,Female,Black,46,1448
23-0103,Male,White,63,1449
23-0103,Female,White,,1450
23-0104,Male,White,67,1451
23-0105,Male,Black,20,1452
23-0106,Male,White,40,1453
23-0107,Male,White,43,1454
23-0108,,,,1455
23-0109,,,,1456
23-0110,Male,Black,20,1457
23-0111,Male,,52,1458
23-0112,Female,Asian,50,1459
23-0113,Male,Black,31,1460
23-0114,Male,,,1461
23-0115,Female,Black,50,1462
23-0116,Male,Black,50,1463
23-0117,Female,White,36,1464
23-0118,Male,Black,36,1465
23-0119,Female,Black,61,1466
23-0120,Female,Black,43,1467
23-0121,Male,White,28,1468
23-0122,Female,Black,,1469
23-0123,Female,Black,40,1470
23-0124,Male,Black,21,1471
23-0125,Male,Black,47,1472
23-0126,Female,Latino,54,1473
23-0127,Male,Black,26,1474
23-0128,Female,Black,56,1475
23-0129,Male,Black,56,1476
23-0130,Male,Black,60,1477
23-0131,Male,Black,38,1478
23-0132,Female,White,34,1479
23-0133,Male,,25,1480
23-0134,Female,Black,34,1481
23-0135,Male,White,39,1482
23-0136,Female,White,46,1483
23-0137,Female,White,25,1484
23-0138,Female,Black,35,1485
23-0139,,,,1486
23-0140,Male,Black,32,1487
23-0141,Female,Asian,42,1488
23-0142,Female,Black,37,1489
23-0143,Female,Black,37,1490
23-0144,Male,Black,50,1491
23-0145,Male,Black,51,1492
23-0146,Female,Black,38,1493
23-0147,Male,Black,32,1494
23-0148,Male,Black,34,1495
23-0149,Female,Black,47,1496
23-0150,,,0,1497
23-0151,,,,1498
23-0152,Male,White,,1499
23-0153,Female,Black,29,1500
23-0154,Female,Black,,1501
23-0155,Female,Black,37,1502
23-0156,Male,Black,55,1503
23-0157,Female,White,48,1504
23-0158,Male,Black,30,1505
23-0159,Female,Black,70,1506
23-0160,Female,Black,60,1507
23-0161,Male,Black,62,1508
23-0162,Male,White,,1509
23-0162,Female,White,51,1510
23-0163,Male,White,29,1511
23-0164,Male,Black,25,1512
23-0165,Female,Black,33,1513
23-0166,Male,Black,39,1514
23-0167,Male,Black,33,1515
23-0168,Female,,44,1516
23-0169,Female,Black,,1517
23-0170,Female,Latino,65,1518
23-0171,Male,White,38,1519
23-0172,Male,White,43,1520
23-0173,Female,White,,1521
23-0174,Female,Black,24,1522
23-0175,Female,,,1523
23-0176,Female,Black,30,1524
23-0177,Male,Black,23,1525
23-0178,Male,White,48,1526
23-0179,Male,Black,48,1527
23-0180,Female,Black,30,1528
23-0181,Male,Black,52,1529
23-0182,Male,Black,62,1530
23-0183,Male,Black,36,1531
23-0184,Female,Black,62,1532
23-0185,,,0,1533
23-0186,Male,White,55,1534
23-0187,Male,Latino,48,1535
23-0188,,Black,26,1536
23-0189,Male,Latino,51,1537
23-0190,Male,Black,34,1538
23-0191,Female,Black,46,1539
23-0191,Female,Black,17,1540
23-0192,Male,Black,27,1541
23-0193,Male,Black,56,1542
23-0194,Male,Black,41,1543
23-0195,Female,Black,35,1544
23-0196,Female,White,29,1545
23-0197,,,0,1546
23-0198,,,0,1547
23-0199,Male,Black,34,1548
23-0200,Female,Asian,35,1549
23-0201,Male,Black,53,1550
23-0202,Male,Black,70,1551
23-0204,Male,Black,18,1552
23-0205,Male,Black,25,1553
23-0206,Male,White,46,1554
23-0207,,,0,1555
23-0208,Female,Black,50,1556
23-0209,Male,Black,32,1557
23-0210,Male,Other,29,1558
23-0211,Male,Black,32,1559
23-0212,Female,Black,40,1560
23-0213,Male,Black,49,1561
23-0214,Male,,60,1562
23-0215,Female,Black,35,1563
23-0216,,,0,1564
23-0217,Female,Black,60,1565
23-0218,Male,Black,68,1566
23-0219,Female,,,1567
23-0220,Female,Latino,29,1568
23-0221,Male,Latino,37,1569
23-0222,Female,Black,34,1570
23-0223,Female,Black,25,1571
23-0224,Male,Black,26,1572
23-0225,Male,Latino,40,1573
23-0226,Male,Latino,38,1574
23-0227,Male,Black,36,1575
23-0228,Female,White,52,1576
23-0229,Male,,28,1577
23-0230,Male,,,1578
23-0231,Female,Black,21,1579
23-0232,Male,Black,51,1580
23-0233,Male,,,1581
23-0234,Female,White,32,1582
23-0235,Female,Black,36,1583
23-0236,Male,Black,29,1584
23-0236,,,,1585
23-0236,Female,,20,1586
23-0236,Female,,,1587
23-0237,Male,White,47,1588
23-0238,Male,Latino,32,1589
23-0239,Female,Black,32,1590
23-0240,Male,,31,1591
23-0240,Male,,,1592
23-0241,Male,Black,29,1593
23-0242,Male,White,39,1594
23-0243,Female,Black,25,1595
23-0244,Female,Other,34,1596
23-0245,Female,Black,26,1597
23-0246,Male,Black,39,1598
23-0247,Female,Black,58,1599
23-0248,Female,Black,33,1600
23-0249,Female,Black,24,1601
23-0250,Female,Black,31,1602
23-0251,Female,Black,39,1603
23-0252,Female,Black,46,1604
23-0253,Male,Latino,66,1605
23-0254,Male,Black,36,1606
23-0255,Male,,33,1607
23-0256,Female,Black,55,1608
23-0257,Female,White,40,1609
23-0258,Male,Black,38,1610
23-0259,Female,Black,60,1611
23-0260,Female,,20,1612
23-0261,Female,White,54,1613
23-0262,Male,White,70,1614
23-0263,Male,,,1615
23-0264,Male,Black,56,1616
23-0265,Male,Black,67,1617
23-0266,Male,White,48,1618
23-0267,Male,Black,28,1619
23-0268,Male,Black,38,1620
23-0269,Female,Black,28,1621
23-0270,Female,Black,27,1622
23-0270,,,,1623
23-0271,Male,White,47,1624
23-0272,Male,Black,36,1625
23-0273,Female,Black,26,1626
23-0274,Male,,,1627
23-0275,Female,Black,26,1628
23-0276,Male,White,40,1629
23-0277,Male,Black,50,1630
23-0278,Female,Black,59,1631
23-0279,Male,Black,29,1632
23-0280,Male,Black,46,1633
23-0281,Female,Black,32,1634
23-0283,Male,White,29,1635
23-0284,Male,Black,61,1636
23-0285,Female,Black,70,1637
23-0286,Female,White,40,1638
23-0287,,,,1639
23-0288,Male,Black,27,1640
23-0289,Female,Black,49,1641
23-0290,Male,Black,48,1642
23-0291,Male,,,1643
23-0292,Female,White,61,1644
23-0293,Female,Black,52,1645
23-0294,Female,Latino,35,1646
23-0295,Female,White,39,1647
23-0296,Female,White,37,1648
23-0297,Female,,,1649
23-0298,Female,Black,36,1650
23-0299,Female,Black,47,1651
23-0300,Female,,,1652
25-0516,Male,Black,22,1653
23-0301,Female,White,42,1654
23-0302,Female,Black,45,1655
23-0303,Female,White,51,1656
23-0304,Female,,,1657
23-0305,Female,Black,53,1658
23-0306,Male,White,29,1659
23-0307,Female,Black,71,1660
23-0308,Female,Black,39,1661
23-0309,Male,Black,45,1662
23-0310,Female,Black,37,1663
23-0311,Female,Black,39,1664
23-0312,Male,Black,46,1665
23-0313,Female,Black,57,1666
23-0314,Male,Black,57,1667
23-0315,Female,White,22,1668
23-0316,Male,White,34,1669
23-0317,Male,Black,33,1670
23-0318,Female,,58,1671
23-0319,Male,,,1672
23-0319,Male,,,1673
23-0319,Female,,,1674
23-0320,Female,Black,54,1675
23-0321,Male,Black,52,1676
23-0322,Female,Black,59,1677
23-0323,Male,Black,37,1678
23-0324,Male,Black,32,1679
23-0325,Female,Black,,1680
23-0326,Female,Black,38,1681
23-0327,Male,White,77,1682
23-0328,Female,Latino,29,1683
23-0329,Male,White,43,1684
23-0330,Female,Black,43,1685
23-0331,Male,White,52,1686
23-0332,Female,Black,34,1687
23-0333,Female,Black,30,1688
23-0334,Female,White,43,1689
23-0335,Female,,,1690
23-0335,Female,White,27,1691
23-0336,Female,,47,1692
23-0337,Female,Black,55,1693
23-0337,Female,Black,,1694
23-0338,Male,White,35,1695
23-0339,Male,Black,66,1696
23-0340,Male,Asian,33,1697
23-0341,Female,Black,24,1698
23-0342,Male,Black,26,1699
23-0343,,,,1700
23-0344,Female,Black,31,1701
23-0345,Female,White,,1702
23-0346,Female,White,33,1703
23-0347,Male,Black,38,1704
23-0348,Male,Black,59,1705
23-0349,Male,Black,35,1706
23-0350,Female,Black,34,1707
23-0351,Male,Black,56,1708
23-0352,Female,Black,51,1709
23-0353,Male,Black,44,1710
23-0354,,,,1711
23-0355,Male,Black,47,1712
23-0356,Female,Black,35,1713
23-0357,Male,Black,37,1714
23-0358,Female,Black,29,1715
23-0359,Female,White,36,1716
23-0360,Female,,59,1717
23-0361,Female,Black,,1718
23-0362,Female,Black,56,1719
23-0363,Male,Black,45,1720
23-0364,Female,Black,47,1721
23-0365,Male,Black,35,1722
23-0366,Female,Black,39,1723
23-0367,Female,Black,60,1724
23-0368,,,,1725
23-0369,Female,,,1726
23-0370,Female,Black,71,1727
23-0371,Female,Black,57,1728
23-0372,Female,Black,0,1729
23-0373,Male,Black,24,1730
23-0374,Male,Black,43,1731
23-0375,Female,Black,60,1732
23-0376,Female,Black,47,1733
23-0377,,,,1734
23-0378,Female,Black,,1735
23-0379,Male,Black,32,1736
23-0380,Female,,33,1737
23-0381,Female,Black,,1738
23-0382,Female,White,46,1739
23-0383,Male,Asian,39,1740
23-0384,Female,Black,48,1741
23-0385,Male,Black,34,1742
23-0386,Female,Black,2,1743
23-0387,Male,White,48,1744
23-0388,Female,Black,33,1745
23-0389,Male,Black,26,1746
23-0390,Female,White,42,1747
23-0391,Male,Black,41,1748
23-0392,Female,Black,34,1749
23-0393,,,0,1750
23-0394,Female,Latino,48,1751
23-0395,Male,Black,37,1752
23-0396,Male,White,0,1753
23-0397,Male,Black,31,1754
23-0398,Male,White,,1755
23-0399,Female,Black,30,1756
23-0400,Male,Black,26,1757
23-0401,Female,,,1758
23-0402,Male,Black,30,1759
23-0403,Female,Black,,1760
23-0404,Female,Black,42,1761
23-0405,Female,Latino,37,1762
23-0405,Female,,,1763
23-0406,Female,Black,28,1764
23-0407,Male,Black,35,1765
23-0408,Female,Black,48,1766
23-0409,Male,Other,31,1767
23-0410,Female,,35,1768
23-0411,Male,Black,24,1769
23-0412,Female,Black,34,1770
23-0413,Female,,35,1771
23-0414,Female,Black,29,1772
23-0415,Male,White,42,1773
23-0416,Male,Black,23,1774
23-0417,Female,Asian,34,1775
23-0418,Male,Latino,46,1776
23-0419,Male,Black,60,1777
23-0420,Female,,33,1778
23-0421,Female,Black,50,1779
23-0422,Female,Black,36,1780
23-0423,Female,Black,41,1781
23-0424,Female,Black,41,1782
23-0425,Female,Asian,30,1783
23-0426,Male,Latino,60,1784
23-0427,Male,Black,43,1785
23-0428,Male,White,,1786
23-0429,Female,White,43,1787
23-0430,Male,Black,37,1788
23-0431,Female,,38,1789
23-0432,Male,Black,59,1790
23-0433,Male,White,49,1791
23-0434,Male,,,1792
23-0435,Female,,25,1793
23-0436,Male,,72,1794
23-0437,Male,Black,54,1795
23-0438,Female,White,83,1796
23-0439,Female,,,1797
23-0440,Male,Black,31,1798
23-0441,Male,,,1799
23-0442,Male,White,35,1800
23-0443,Male,Latino,42,1801
23-0444,,,,1802
23-0445,Female,Black,25,1803
23-0446,Male,White,41,1804
23-0447,Male,Latino,30,1805
23-0448,Male,Black,,1806
23-0448,Female,Black,44,1807
23-0449,Female,White,49,1808
23-0450,Male,Black,25,1809
23-0451,Female,Black,61,1810
23-0452,Female,White,49,1811
23-0453,Male,Black,32,1812
23-0454,Female,White,59,1813
23-0455,Female,Black,51,1814
23-0456,Male,Black,59,1815
23-0457,Male,Black,59,1816
23-0458,Male,White,27,1817
23-0459,Male,White,27,1818
23-0460,Female,Black,52,1819
23-0461,Female,Black,32,1820
23-0462,Male,White,30,1821
23-0463,Female,Black,59,1822
23-0464,Male,White,48,1823
23-0465,Female,Black,29,1824
23-0466,Female,Black,53,1825
23-0467,Female,White,44,1826
23-0468,Male,Black,60,1827
23-0469,Male,White,66,1828
23-0470,Female,Black,37,1829
23-0471,Female,Asian,39,1830
23-0472,Female,Black,49,1831
23-0473,Male,Black,31,1832
23-0474,Female,Black,46,1833
23-0475,Female,Black,34,1834
23-0476,Female,Black,40,1835
23-0477,Male,Black,35,1836
23-0478,Female,White,39,1837
23-0479,Female,Black,45,1838
23-0480,Female,Latino,52,1839
23-0481,Female,White,33,1840
23-0482,Male,Black,43,1841
23-0483,Female,Black,35,1842
23-0484,Female,White,28,1843
23-0485,Female,Latino,45,1844
23-0486,Male,Black,37,1845
23-0487,Male,White,33,1846
23-0488,Male,White,64,1847
23-0489,Male,Black,41,1848
23-0490,Male,,,1849
23-0491,Male,Black,51,1850
23-0492,Male,Black,23,1851
23-0493,Male,Black,36,1852
23-0494,Female,Black,35,1853
23-0495,Female,Black,22,1854
23-0496,Female,Black,54,1855
23-0497,Male,White,50,1856
23-0498,Male,Black,28,1857
23-0499,Male,Latino,36,1858
23-0500,Female,Black,32,1859
23-0501,Male,Black,48,1860
23-0502,Male,Black,46,1861
23-0503,Female,,0,1862
23-0504,Male,Black,32,1863
23-0505,Female,Black,34,1864
23-0506,Male,White,34,1865
23-0507,Female,Black,73,1866
23-0508,Male,White,46,1867
23-0509,Male,White,66,1868
24-0001,Male,Black,34,1869
24-0002,Male,Black,,1870
24-0003,Female,Black,27,1871
24-0004,Female,Black,,1872
24-0005,Female,,,1873
24-0006,Female,Black,42,1874
24-0007,Female,Latino,59,1875
24-0008,Male,White,53,1876
24-0009,Male,Black,30,1877
24-0010,Male,Black,37,1878
24-0011,Male,Black,36,1879
24-0012,Male,White,46,1880
25-0664,Female,Black,56,1881
24-0013,Female,White,55,1882
24-0014,Male,Black,56,1883
24-0015,Male,Black,27,1884
24-0016,Female,White,63,1885
24-0017,Male,Black,30,1886
24-0018,Male,White,45,1887
24-0019,Male,Black,44,1888
24-0020,Female,,,1889
24-0021,,,,1890
24-0022,Male,Black,38,1891
24-0023,Male,Latino,,1892
24-0024,Female,Black,,1893
24-0025,Male,Black,23,1894
24-0026,Male,White,47,1895
24-0027,Female,Black,70,1896
24-0028,Female,Black,35,1897
24-0029,Female,White,56,1898
24-0030,Female,Black,40,1899
24-0031,Male,White,28,1900
24-0032,Female,Black,60,1901
24-0033,Male,White,30,1902
24-0034,Male,Black,53,1903
24-0035,Female,Latino,26,1904
24-0036,Female,Black,61,1905
24-0037,Female,Black,,1906
24-0038,Male,Black,54,1907
24-0039,Male,Black,61,1908
24-0040,Female,Black,60,1909
24-0041,Female,Black,,1910
24-0042,Female,Latino,33,1911
24-0043,Female,,48,1912
24-0044,Male,Latino,63,1913
24-0045,Female,Black,60,1914
24-0046,Male,Black,59,1915
24-0047,Male,Black,75,1916
24-0048,,,,1917
24-0049,Male,,67,1918
24-0050,Female,White,67,1919
24-0051,Male,Black,75,1920
24-0052,Male,Latino,21,1921
24-0053,Female,Black,30,1922
24-0054,Female,Black,73,1923
24-0055,Male,White,60,1924
24-0056,Male,Asian,65,1925
24-0058,Female,White,30,1926
24-0059,Female,Black,20,1927
24-0060,Male,,52,1928
24-0061,Female,Latino,33,1929
24-0062,Female,,86,1930
24-0063,Male,,,1931
24-0064,Female,Black,61,1932
24-0065,Male,Latino,51,1933
24-0066,Male,,,1934
24-0067,,,,1935
24-0068,Male,Black,35,1936
24-0069,Female,Black,72,1937
24-0070,Female,Latino,60,1938
24-0071,Female,Black,28,1939
24-0072,Female,Black,58,1940
24-0072,Female,Latino,,1941
24-0073,Male,Black,56,1942
24-0074,Female,Black,34,1943
24-0075,Female,Black,34,1944
24-0076,Male,,61,1945
24-0077,Male,,38,1946
24-0079,Female,Black,39,1947
24-0080,Male,Black,60,1948
24-0081,Female,,,1949
24-0082,Male,White,45,1950
24-0083,,,,1951
24-0084,Male,,,1952
24-0085,,,,1953
24-0086,Male,Black,32,1954
24-0087,Male,White,77,1955
24-0088,Male,Black,48,1956
24-0089,Female,White,55,1957
24-0090,Female,Black,40,1958
24-0091,,,,1959
24-0092,Male,Black,41,1960
24-0093,,,0,1961
24-0094,Male,Black,41,1962
24-0095,Male,Black,24,1963
24-0097,Male,Black,55,1964
24-0098,Male,,,1965
24-0099,Male,Black,29,1966
24-0100,Male,Black,29,1967
24-0101,Female,Black,49,1968
24-0102,Male,Black,40,1969
24-0103,,,,1970
24-0104,Female,Black,32,1971
24-0105,Male,,66,1972
24-0106,Male,Black,48,1973
24-0107,Male,Black,22,1974
24-0107,Female,,,1975
24-0108,Female,White,43,1976
24-0109,Female,White,34,1977
24-0110,Female,White,38,1978
24-0111,Male,White,37,1979
24-0112,Male,White,37,1980
24-0113,Female,Black,61,1981
24-0114,Male,Black,32,1982
24-0115,Female,White,,1983
24-0116,Female,Black,43,1984
24-0117,Female,Asian,37,1985
24-0118,Female,Black,60,1986
24-0119,Female,Latino,44,1987
24-0120,Female,White,63,1988
24-0121,Female,Black,31,1989
24-0122,Male,Black,69,1990
24-0123,Female,Black,40,1991
24-0124,Male,Black,23,1992
24-0125,Female,Black,30,1993
24-0126,Male,,34,1994
24-0127,Male,Black,29,1995
24-0128,Female,Asian,,1996
24-0129,Female,Black,27,1997
24-0130,Male,White,34,1998
24-0131,Male,Black,25,1999
24-0132,Male,Asian,49,2000
24-0133,Male,Black,42,2001
24-0134,Female,Black,36,2002
24-0135,Female,Black,31,2003
24-0136,Female,Black,56,2004
24-0137,Male,Black,45,2005
24-0138,Female,Black,49,2006
24-0139,Male,White,52,2007
24-0140,Male,White,38,2008
24-0141,Male,Black,44,2009
24-0142,Female,Latino,44,2010
24-0143,Female,Black,55,2011
24-0144,Female,Black,62,2012
24-0145,Female,,,2013
24-0146,Female,Black,,2014
24-0147,,,0,2015
24-0148,Male,Black,37,2016
24-0149,Female,,,2017
24-0150,Female,Black,54,2018
24-0151,Male,Black,43,2019
24-0152,Male,Black,71,2020
24-0153,Male,Black,61,2021
24-0154,Female,Black,75,2022
24-0155,Female,Latino,53,2023
24-0156,Male,Black,64,2024
24-0157,Female,Asian,30,2025
24-0158,Male,Other,44,2026
24-0159,Female,Black,47,2027
24-0160,Female,Black,41,2028
24-0161,Male,White,48,2029
24-0162,Female,Black,47,2030
24-0163,Male,Asian,36,2031
24-0164,Female,,,2032
24-0164,Male,,,2033
24-0165,,,0,2034
24-0166,Male,Black,37,2035
24-0167,Female,Latino,45,2036
24-0168,Female,Black,26,2037
24-0169,Male,Black,59,2038
24-0170,Male,White,61,2039
24-0171,Female,Black,32,2040
24-0172,Female,Black,60,2041
24-0173,Female,White,28,2042
24-0174,Male,White,36,2043
24-0175,Female,White,55,2044
24-0176,Female,Black,53,2045
24-0177,Female,White,57,2046
24-0178,Male,Black,36,2047
24-0179,Female,Black,60,2048
24-0180,Male,Black,57,2049
24-0181,Male,Black,41,2050
24-0182,Male,White,71,2051
24-0183,Male,Black,43,2052
24-0184,Female,Black,60,2053
24-0185,Male,Black,26,2054
24-0186,Female,Black,38,2055
24-0187,Male,White,58,2056
24-0188,Female,Black,29,2057
24-0189,Male,Black,47,2058
24-0190,Male,Black,30,2059
24-0191,Female,Black,77,2060
24-0192,Female,White,37,2061
24-0193,Female,,32,2062
24-0193,Male,,34,2063
24-0194,Female,Black,66,2064
24-0195,Male,Black,59,2065
24-0196,Female,Black,34,2066
24-0197,Male,,52,2067
24-0198,Male,Black,34,2068
24-0199,,,,2069
25-0517,,,,2070
25-0573,Male,White,37,2071
25-0548,Female,Black,34,2072
24-0200,Male,,26,2073
24-0201,Female,,36,2074
24-0202,Female,Black,54,2075
24-0203,Female,Black,61,2076
24-0204,Male,Black,42,2077
24-0205,Male,Black,53,2078
24-0206,Female,,34,2079
24-0207,Female,Black,63,2080
24-0208,Male,Black,43,2081
24-0209,Female,Black,30,2082
24-0210,Male,Black,35,2083
24-0211,Female,White,29,2084
24-0212,Male,Black,59,2085
24-0213,Female,Latino,41,2086
24-0214,Male,Black,41,2087
24-0215,Male,Black,29,2088
25-0549,Male,Black,20,2089
25-0574,,,,2090
25-0550,Male,White,40,2091
25-0551B,Female,Black,18,2092
25-0567,Female,Black,31,2093
24-0216,Female,Black,47,2094
24-0217,Female,Black,53,2095
24-0218,Female,Black,66,2096
24-0219,Female,Black,55,2097
24-0220,Female,White,36,2098
24-0221,Female,Black,41,2099
24-0222,Male,Black,48,2100
24-0223,Male,Black,31,2101
24-0224,Male,Black,56,2102
24-0225,Female,Black,33,2103
24-0226,Female,Black,46,2104
24-0227,Male,Black,31,2105
24-0228,Male,Black,34,2106
24-0229,,,,2107
24-0230,Female,White,32,2108
24-0231,Male,Latino,44,2109
24-0232,Male,,,2110
24-0233,Male,Black,67,2111
24-0234,Female,Black,36,2112
24-0235,Male,Black,32,2113
24-0236,Female,White,,2114
24-0237,Male,Black,53,2115
24-0238,Male,Black,64,2116
24-0239,Male,White,39,2117
24-0240,Male,Black,36,2118
24-0241,Female,Black,24,2119
24-0242,Male,Multi Ethnic,43,2120
24-0243,Male,Black,,2121
24-0244,Female,Latino,29,2122
24-0245,Female,Black,37,2123
24-0246,Male,Black,52,2124
24-0247,Male,Black,42,2125
24-0248,Female,White,66,2126
24-0249,Male,Black,40,2127
24-0250,,,0,2128
24-0251,Male,White,,2129
24-0252,Female,Black,28,2130
24-0253,Male,Black,35,2131
24-0254,Female,Black,50,2132
24-0255,Female,Black,51,2133
24-0256,Female,Black,,2134
24-0257,Female,White,29,2135
24-0258,Male,Black,54,2136
24-0259,Female,Black,,2137
24-0260,Male,White,56,2138
24-0261,Female,Latino,51,2139
24-0262,Male,White,21,2140
24-0263,Female,Black,28,2141
24-0264,,,,2142
24-0265,Male,White,51,2143
24-0266,Male,,62,2144
24-0267,Female,Black,60,2145
24-0268,Male,White,27,2146
24-0269,Female,Black,60,2147
24-0270,Female,White,38,2148
24-0271,Male,Black,26,2149
24-0272,Female,Latino,44,2150
24-0273,,,,2151
24-0274,Male,White,,2152
24-0275,Female,Black,46,2153
24-0276,Female,,,2154
24-0277,Male,White,53,2155
24-0278,Female,Black,47,2156
24-0279,Female,Black,44,2157
24-0280,Female,Black,55,2158
24-0281,Male,Black,34,2159
24-0282,Male,Black,66,2160
24-0283,Male,Black,30,2161
24-0284,Male,Black,45,2162
24-0285,Female,Black,44,2163
24-0286,Male,,,2164
24-0287,Female,Black,39,2165
24-0288,Female,White,41,2166
24-0289,Male,Black,31,2167
24-0290,Female,Black,44,2168
24-0291,Female,,31,2169
24-0292,Female,Black,74,2170
24-0293,Female,Latino,36,2171
24-0294,Female,Black,47,2172
24-0295,Female,Black,,2173
24-0296,Male,White,48,2174
24-0297,Female,White,22,2175
24-0298,Male,White,53,2176
24-0299,Female,Black,60,2177
24-0300,Male,Black,22,2178
24-0301,Male,White,45,2179
24-0302,Male,Black,29,2180
24-0303,Female,Black,20,2181
24-0304,Male,White,73,2182
24-0305,Female,Black,51,2183
24-0306,Female,Black,36,2184
24-0307,Female,Black,38,2185
24-0308,Male,,,2186
24-0309,Female,Black,41,2187
24-0310,Female,Black,52,2188
24-0311,Male,White,23,2189
24-0312,Female,Black,20,2190
24-0313,Male,Black,41,2191
24-0314,Male,Black,30,2192
24-0315,Male,Black,32,2193
24-0316,Male,Black,,2194
24-0317,Male,White,42,2195
24-0318,Female,Black,37,2196
24-0319,Male,Black,37,2197
24-0320,Female,Black,35,2198
24-0321,Female,Black,,2199
24-0322,Female,Black,,2200
24-0323,Female,,38,2201
24-0324,Male,White,60,2202
24-0325,Female,Black,71,2203
24-0326,Female,Black,40,2204
24-0327,Female,Black,53,2205
24-0328,Female,Black,39,2206
24-0329,Male,Latino,29,2207
24-0330,Male,Black,46,2208
24-0331,Male,Black,37,2209
24-0332,Male,Black,35,2210
24-0333,Male,White,25,2211
24-0334,Male,Black,49,2212
24-0335,Male,Black,35,2213
24-0336,Female,Black,82,2214
24-0337,Female,Black,34,2215
24-0338,Male,White,,2216
24-0339,Male,Latino,32,2217
24-0340,Female,White,46,2218
24-0341,Female,Black,38,2219
24-0343,Male,Indian,37,2220
24-0344,Male,White,42,2221
24-0345,Female,Black,25,2222
24-0346,Male,White,59,2223
24-0347,Female,Black,46,2224
24-0348,Female,Black,42,2225
24-0349,Male,Black,37,2226
24-0350,Female,,54,2227
24-0350,Male,,,2228
24-0351,Male,,,2229
24-0352,Female,Latino,,2230
24-0353,Male,Black,35,2231
24-0354,Male,Black,38,2232
24-0355,Female,Black,28,2233
24-0355,Male,Black,16,2234
24-0356,Male,White,,2235
24-0357,Male,White,29,2236
24-0358,Male,Black,56,2237
24-0359,Female,Black,25,2238
24-0360,Female,Black,51,2239
24-0361,Male,Black,41,2240
24-0362,Male,Black,49,2241
24-0363,Male,Black,30,2242
24-0364,Female,Black,32,2243
24-0365,Male,Black,37,2244
24-0366,Female,,,2245
24-0367,Male,Black,52,2246
24-0368,Male,White,37,2247
24-0369,Female,White,47,2248
24-0370,Female,White,51,2249
24-0371,Male,Black,28,2250
24-0372,Female,,,2251
24-0373,,,,2252
24-0373,,,,2253
24-0374,Female,,,2254
24-0375,Male,White,34,2255
24-0376,Female,,,2256
24-0377,Female,Black,67,2257
24-0378,,Black,,2258
24-0379,,,,2259
24-0379,Male,,,2260
24-0380,Male,Black,36,2261
24-0381,Male,Black,41,2262
24-0382,Male,Black,48,2263
24-0383,Male,Black,70,2264
24-0384,Female,Latino,47,2265
24-0385,Male,Black,35,2266
24-0386,Male,Black,40,2267
25-0665,Male,White,61,2268
24-0387,Male,Black,27,2269
24-0388,Female,,47,2270
24-0389,Female,Black,44,2271
24-0390,Female,,38,2272
24-0390,Female,,57,2273
24-0391,Female,Black,36,2274
24-0392,Male,Black,27,2275
24-0393,Female,,,2276
24-0394,Female,Black,49,2277
24-0395,Female,Black,31,2278
24-0396,Female,Latino,39,2279
24-0397,Male,White,61,2280
24-0398,Female,,30,2281
24-0399,Female,Black,66,2282
24-0400,Female,Black,29,2283
24-0401,Female,,,2284
24-0402,Female,,34,2285
24-0403,Male,Black,27,2286
24-0404,Female,,65,2287
24-0405,Male,Black,42,2288
24-0406,,,0,2289
24-0407,Female,Black,31,2290
24-0408,Male,Black,53,2291
24-0409,Male,Black,46,2292
24-0410,Female,Black,34,2293
24-0411,Female,Black,34,2294
24-0412,Female,Black,60,2295
24-0413,Female,,60,2296
24-0415,Male,Latino,,2297
24-0416,Male,Black,42,2298
24-0417,Male,Black,41,2299
24-0417,Male,Black,,2300
24-0418,Female,Black,67,2301
24-0419,Male,Black,55,2302
24-0420,Male,White,26,2303
24-0421,Female,Latino,34,2304
24-0422,Male,Black,,2305
24-0423,Male,Latino,56,2306
24-0424,Male,White,63,2307
24-0425,Female,,44,2308
24-0426,Male,Black,62,2309
24-0427,Female,Black,67,2310
24-0428,Male,Black,56,2311
24-0429,Female,Black,58,2312
24-0430,Female,White,33,2313
24-0431,Male,White,68,2314
24-0432,Female,Black,53,2315
24-0433,Female,Black,57,2316
24-0434,Female,Black,36,2317
24-0435,Male,White,49,2318
24-0436,Female,White,37,2319
24-0437,Female,Black,47,2320
24-0438,Female,White,29,2321
24-0439,Male,Black,45,2322
24-0440,Male,Native Hawaiian Or Other Pacific Islande,42,2323
24-0441,Female,Black,31,2324
24-0442,,,0,2325
24-0443,Male,Black,37,2326
24-0444,Male,Black,40,2327
24-0445,Female,Indian,48,2328
24-0446,Male,White,2,2329
24-0447,Female,White,51,2330
24-0448,Female,Black,56,2331
24-0449,Female,Black,54,2332
24-0450,Male,Black,,2333
24-0451,,,0,2334
24-0452,Female,Black,41,2335
24-0452,Female,,,2336
24-0453,Female,,,2337
24-0454,,,0,2338
24-0455,Male,Black,39,2339
24-0456,Male,Black,28,2340
24-0457,Female,Black,61,2341
24-0458,Male,White,43,2342
24-0459,Female,Black,37,2343
24-0460,Male,,35,2344
24-0461,,,,2345
24-0462,Male,Black,45,2346
24-0463,Male,Black,31,2347
24-0464,Female,Black,36,2348
24-0465,Female,White,42,2349
24-0466,Female,White,25,2350
24-0467,,,0,2351
24-0468,Female,Black,31,2352
24-0469,Female,Black,70,2353
24-0470,Female,White,47,2354
24-0471,Male,Black,42,2355
24-0472,Female,Black,69,2356
24-0473,Male,Black,24,2357
24-0474,Female,Black,54,2358
24-0475,Female,Black,30,2359
24-0476,Male,White,21,2360
24-0477,Female,,57,2361
24-0478,Male,Black,38,2362
24-0479,Male,Latino,,2363
24-0479,Female,Latino,33,2364
24-0480,Female,White,23,2365
24-0481,Male,Latino,65,2366
24-0482,Male,Black,37,2367
24-0483,Male,Black,41,2368
24-0484,Male,Latino,29,2369
24-0485,Male,Black,,2370
24-0486,Female,Black,52,2371
24-0487,Female,Black,63,2372
24-0488,Male,Black,35,2373
24-0489,Female,Latino,33,2374
24-0490,Male,Black,55,2375
24-0491,Female,Black,64,2376
24-0492,Male,White,42,2377
24-0493,Female,Black,32,2378
24-0494,Female,Black,75,2379
24-0495,Male,Black,52,2380
24-0496,Female,Black,52,2381
24-0497,,,,2382
24-0498,Female,Black,56,2383
24-0499,Male,Black,59,2384
24-0500,Female,Black,40,2385
24-0501,Female,White,47,2386
24-0502,Female,Black,23,2387
24-0503,Female,Black,25,2388
24-0504,Male,,,2389
24-0504,Male,Black,65,2390
24-0505,Male,Black,28,2391
24-0506,Female,Black,43,2392
24-0507,Male,Latino,21,2393
24-0508,Male,Black,27,2394
24-0509,Female,Black,35,2395
24-0510,Female,White,58,2396
24-0511,Male,Black,20,2397
24-0512,Female,Latino,,2398
24-0513,Male,Indian,34,2399
24-0514,Male,Black,45,2400
24-0515,Male,,42,2401
24-0515,Male,Black,42,2402
24-0516,Male,White,39,2403
24-0517,Female,Black,36,2404
24-0518,Female,,29,2405
24-0519,Male,Black,39,2406
24-0520,Male,Black,53,2407
24-0521,Female,Black,37,2408
24-0522,Male,Black,37,2409
24-0523,Female,Black,32,2410
24-0524,Male,Black,21,2411
24-0525,Male,Black,59,2412
24-0526,Male,Black,35,2413
24-0527,Male,Black,59,2414
24-0528,Male,Latino,50,2415
24-0529,Male,Black,35,2416
24-0530,Male,Black,50,2417
24-0531,,,0,2418
24-0532,Female,White,40,2419
24-0533,Male,Black,29,2420
24-0534,Male,Latino,45,2421
24-0535,Female,Latino,43,2422
24-0536,Female,Black,74,2423
24-0537,Female,Black,34,2424
24-0538,Male,Black,61,2425
24-0540,Male,White,38,2426
24-0541,Female,Black,53,2427
24-0542,Male,Black,51,2428
24-0543,Male,Black,23,2429
24-0544,Female,Latino,43,2430
24-0545,Male,Black,37,2431
24-0546,Male,Black,37,2432
24-0547,Male,Black,36,2433
24-0548,Female,Black,31,2434
24-0549,Male,Black,59,2435
24-0550,,,0,2436
24-0551,Male,Black,21,2437
24-0552,Female,Black,35,2438
24-0553,Male,Black,23,2439
24-0554,Male,Black,21,2440
24-0555,Female,White,39,2441
24-0556,,,,2442
24-0557,Male,Black,33,2443
24-0558,Male,Black,54,2444
24-0559,Male,Asian,45,2445
24-0560,Female,White,45,2446
24-0561,Female,White,34,2447
24-0562,Female,White,31,2448
24-0563,Male,Latino,21,2449
25-0666,Female,,55,2450
24-0564,Female,Black,40,2451
24-0564,,,,2452
24-0565,Male,Black,56,2453
24-0566,Male,Black,44,2454
24-0567,Male,White,46,2455
24-0568,Male,Latino,56,2456
24-0569,Male,Middle East,41,2457
24-0570,Female,White,37,2458
24-0571,Female,White,,2459
24-0572,Male,Black,33,2460
24-0573,Male,White,27,2461
24-0574,Male,Black,30,2462
24-0575,Male,Latino,44,2463
24-0576,Female,Black,41,2464
24-0577,Female,Black,30,2465
24-0578,Male,Black,37,2466
24-0579,Male,Black,29,2467
24-0579,Male,Black,38,2468
24-0580,,,0,2469
24-0581,Male,Black,45,2470
24-0582,Female,Black,44,2471
24-0583,Female,White,58,2472
24-0584,Female,White,44,2473
24-0585,Female,Black,38,2474
24-0586,Female,White,59,2475
24-0587,Male,Black,26,2476
25-0575,,Black,28,2477
24-0588,Male,Black,51,2478
24-0589,Female,Black,,2479
24-0590,Male,Latino,22,2480
24-0591,Female,Latino,47,2481
24-0592,Female,Black,59,2482
24-0593,Female,,37,2483
24-0594,Female,,,2484
24-0595,Male,Black,33,2485
24-0596,Female,White,48,2486
24-0597,Male,Black,46,2487
25-0568,Female,Black,25,2488
24-0598,Female,Latino,43,2489
24-0599,Male,Black,33,2490
24-0600,Female,Latino,47,2491
24-0601,,,,2492
24-0601,Female,,42,2493
24-0602,Female,Black,39,2494
24-0603,Male,White,40,2495
24-0604,Male,Black,35,2496
24-0605,Female,White,54,2497
24-0606,Female,Black,30,2498
24-0607,Male,,46,2499
24-0608,Female,Black,66,2500
24-0609,Male,Black,47,2501
24-0610,Male,Black,59,2502
24-0611,,,0,2503
24-0612,Female,Black,78,2504
24-0612,Female,Black,79,2505
24-0613,Male,Black,19,2506
24-0613,Male,Black,20,2507
24-0614,Male,Black,43,2508
24-0615,Female,White,32,2509
24-0616,,,0,2510
24-0617,,,0,2511
24-0618,Female,White,71,2512
24-0619,Female,Black,51,2513
24-0620,Male,White,56,2514
24-0621,,,,2515
24-0622,,,0,2516
24-0623,Male,Black,38,2517
24-0624,,,0,2518
24-0625,Male,Black,33,2519
24-0626,Female,Black,41,2520
24-0627,Male,Black,36,2521
24-0628,Female,Black,,2522
24-0629,Male,,,2523
24-0630,Female,Black,25,2524
24-0631,Female,Black,49,2525
24-0632,Male,Black,69,2526
24-0633,Female,Black,35,2527
24-0634,Female,Black,44,2528
24-0635,,,,2529
24-0636,Female,Black,54,2530
24-0637,Male,Black,32,2531
24-0638,Male,,48,2532
24-0639,Female,White,33,2533
24-0640,Female,Black,56,2534
24-0641,Female,Black,24,2535
24-0642,Male,Latino,24,2536
24-0643,Male,Black,23,2537
24-0644,Female,Black,,2538
24-0645,Male,Black,38,2539
24-0646,Female,,,2540
24-0646,Female,Black,38,2541
24-0647,Male,Black,31,2542
24-0648,Female,Black,37,2543
24-0649,Male,Black,73,2544
24-0650,Male,Black,45,2545
24-0651,Female,Black,32,2546
24-0652,Male,White,37,2547
24-0653,Female,Black,29,2548
24-0654,Male,Black,20,2549
24-0655,Male,Black,2,2550
24-0656,Male,Black,35,2551
24-0657,Female,Black,43,2552
24-0658,Male,Latino,56,2553
24-0659,Male,,16,2554
24-0660,Female,Black,42,2555
24-0661,Male,White,76,2556
24-0662,Male,Black,35,2557
24-0663,Male,Latino,17,2558
24-0664,,,,2559
24-0665,Male,Asian,39,2560
24-0666,Male,Black,33,2561
24-0667,Male,White,59,2562
24-0668,Female,White,24,2563
24-0669,Male,Black,,2564
24-0670,Male,Black,52,2565
24-0671,Male,Black,37,2566
24-0672,Male,Black,64,2567
24-0673,Male,White,59,2568
24-0674,Male,White,30,2569
24-0675,Male,Black,55,2570
24-0676,Male,Black,45,2571
24-0677,Male,Black,62,2572
24-0678,Male,Black,,2573
24-0679,Male,White,57,2574
24-0680,Male,Latino,38,2575
24-0681,,,,2576
24-0681,Male,Black,36,2577
24-0682,Female,Black,48,2578
24-0682,Male,Black,50,2579
24-0683,Male,Black,25,2580
24-0684,,,,2581
24-0685,,Latino,,2582
24-0685,Male,Latino,18,2583
24-0685,Male,Latino,73,2584
24-0686,Female,White,41,2585
24-0687,Male,Asian,44,2586
24-0688,Female,,36,2587
25-0001,Female,Latino,22,2588
25-0002,Female,White,64,2589
25-0003,Male,Black,35,2590
25-0004,Male,Black,33,2591
25-0005,Male,Black,38,2592
25-0006,Male,Black,28,2593
25-0007,Female,Black,53,2594
25-0008,Male,Latino,35,2595
25-0009,Female,White,74,2596
25-0010,Female,Latino,,2597
25-0011,Male,Black,,2598
25-0012,Male,White,42,2599
25-0013,Female,Black,53,2600
25-0014,Male,White,69,2601
25-0015,Female,Black,24,2602
25-0015,Male,Black,25,2603
25-0016,Male,Black,36,2604
25-0017,Female,Black,63,2605
25-0018,Female,,,2606
25-0019,Female,Black,56,2607
25-0020,Male,Black,36,2608
25-0021,Female,,,2609
25-0022,Female,Black,54,2610
25-0023,Female,,,2611
25-0024,Female,,45,2612
25-0025,Female,,,2613
25-0025,Male,,64,2614
25-0026,Female,,,2615
25-0026,,,,2616
25-0027,Male,Black,50,2617
25-0028,Female,Asian,,2618
25-0029,,,,2619
25-0030,Female,White,53,2620
25-0031,Male,Black,14,2621
25-0031,Female,,,2622
25-0032,Male,White,28,2623
25-0033,Female,Black,38,2624
25-0034,Male,Black,40,2625
25-0035,Female,Black,37,2626
25-0036,Female,Black,49,2627
25-0037,Male,Black,19,2628
25-0038,Female,White,25,2629
25-0039,Male,Black,57,2630
25-0569,Female,,36,2631
25-0040,Male,,28,2632
25-0130,Female,,53,2633
25-0041,Male,Latino,21,2634
25-0576,Male,White,66,2635
25-0042,Male,Black,34,2636
25-0043,Male,,19,2637
25-0044,Male,Black,38,2638
25-0045,Male,Black,31,2639
25-0046,Female,White,56,2640
25-0047,Female,Black,46,2641
25-0048,Male,,47,2642
25-0049,Male,Black,50,2643
25-0050,Female,Black,38,2644
25-0050,Male,Black,15,2645
25-0051,Male,Black,76,2646
25-0052,Female,,34,2647
25-0053,Male,,,2648
25-0053,Male,White,26,2649
25-0053,Female,White,,2650
25-0054,Male,,52,2651
25-0055,Male,White,27,2652
25-0056,Female,Black,46,2653
25-0057,Female,White,42,2654
25-0058,Male,Latino,44,2655
25-0059,Male,Black,33,2656
25-0060,Female,Black,44,2657
25-0061,Female,Black,32,2658
25-0577,Female,Black,,2659
25-0062,Male,Black,,2660
25-0063,Female,,,2661
25-0064,Male,Black,34,2662
25-0065,Male,Multi Ethnic,54,2663
25-0066,Male,Black,33,2664
25-0067,Female,Black,32,2665
25-0068,Male,,,2666
25-0069,Female,Asian,39,2667
25-0070,Male,Black,43,2668
25-0671,Female,Black,29,2669
25-0071,Female,Black,35,2670
25-0072,Male,Black,27,2671
25-0073,Female,White,35,2672
25-0074,Male,White,46,2673
25-0075,Female,Latino,29,2674
25-0076,Female,Latino,28,2675
25-0077,Male,Black,28,2676
25-0078,Male,White,40,2677
25-0079,Male,White,35,2678
25-0080,Male,Black,27,2679
25-0081,Female,Latino,47,2680
25-0082,Female,Black,74,2681
25-0083,Male,Black,31,2682
25-0084,Female,,,2683
25-0085,Female,Latino,32,2684
25-0086,Male,Black,,2685
25-0087,Male,Latino,29,2686
25-0088,Male,Other,28,2687
25-0089,Male,Latino,,2688
25-0090,Female,Black,34,2689
25-0091,Female,White,30,2690
25-0092,Male,White,34,2691
25-0093,Male,White,34,2692
25-0094,Female,Black,64,2693
25-0095,Male,White,45,2694
25-0096,Male,Black,28,2695
25-0097,Female,,43,2696
25-0098,Male,Black,31,2697
25-0099,Female,Latino,41,2698
25-0100,Male,Black,71,2699
25-0101,Male,Black,63,2700
25-0102,Male,Black,43,2701
25-0103,Male,Black,48,2702
25-0104,Male,White,21,2703
25-0105,Female,,42,2704
25-0106,,,0,2705
25-0107,Female,White,40,2706
25-0108,Male,Black,21,2707
25-0109,Male,White,32,2708
25-0110,Female,White,24,2709
25-0111,Female,White,28,2710
25-0112,Female,Black,33,2711
25-0113,Female,Black,35,2712
25-0114,Male,Black,45,2713
25-0115,,,,2714
25-0116,Female,Black,36,2715
25-0117B,,,0,2716
25-0118,Male,,40,2717
25-0119,Male,Black,36,2718
25-0120,,,0,2719
25-0121,Male,White,42,2720
25-0122,Female,White,49,2721
25-0123,Male,,39,2722
25-0124,Female,Latino,36,2723
25-0125,Male,Black,,2724
25-0126,Male,,39,2725
25-0127,Female,Black,40,2726
25-0128,Male,Black,25,2727
25-0129,Male,Black,57,2728
25-0130B,Female,,54,2729
25-0131,,,0,2730
25-0132,,,,2731
25-0133,Female,White,23,2732
25-0134,Female,Black,28,2733
25-0135,Male,Black,54,2734
25-0136,Female,Black,61,2735
25-0137,Female,White,26,2736
25-0138,Male,White,20,2737
25-0139,Female,Black,37,2738
25-0140,Female,Black,48,2739
25-0141,Male,White,24,2740
25-0141,Male,,,2741
25-0142,Female,Other,0,2742
25-0143,Male,Black,37,2743
25-0144,Male,,20,2744
25-0145,Male,Latino,28,2745
25-0146,Female,Black,31,2746
25-0147,Female,,,2747
25-0148,Female,Black,20,2748
25-0149,Female,Black,62,2749
25-0150,Female,Black,51,2750
25-0151,,,0,2751
25-0152,Female,Indian,67,2752
25-0153,Male,Black,71,2753
25-0154,Male,Black,32,2754
25-0155,Female,Black,27,2755
25-0156,Female,Black,40,2756
25-0157,,,0,2757
25-0158,Male,Asian,40,2758
25-0159,Female,Black,21,2759
25-0160,Male,Black,44,2760
25-0161,Male,Black,42,2761
25-0162,Male,Black,33,2762
25-0163,Male,Black,29,2763
25-0164,Female,Black,23,2764
25-0165,Male,Black,40,2765
25-0166,,,0,2766
25-0570,Male,Black,36,2767
25-0570,Male,Black,29,2768
25-0167,Female,Black,39,2769
25-0168,Male,White,24,2770
25-0169,Male,Black,29,2771
25-0170,Male,White,53,2772
25-0171,Female,Black,47,2773
25-0172,Male,White,37,2774
25-0173,Male,Black,37,2775
25-0174,Male,Black,39,2776
25-0175,Male,Black,40,2777
25-0176,Female,,,2778
25-0176,,,,2779
25-0177,Male,Black,29,2780
25-0177,Female,,,2781
25-0178,Male,White,51,2782
25-0179,Male,Black,44,2783
25-0571,Female,Black,28,2784
25-0180,Female,Black,,2785
25-0181,,,,2786
25-0182,Female,White,35,2787
25-0183,Male,Black,45,2788
25-0184,Male,,44,2789
25-0185,Female,Black,24,2790
25-0186,Male,White,38,2791
25-0187,Female,,31,2792
25-0188,Male,Black,48,2793
25-0189,Male,Black,16,2794
25-0190,,,0,2795
25-0191,Female,White,49,2796
25-0192,Male,Latino,31,2797
25-0578,Male,Latino,21,2798
25-0193,Female,Black,55,2799
25-0672,Male,Latino,35,2800
25-0194,Female,Black,40,2801
25-0195,Male,White,28,2802
25-0196,Male,Black,,2803
25-0197,,,0,2804
25-0198,Female,Black,70,2805
25-0199,Male,Black,55,2806
25-0200,Male,Latino,61,2807
25-0201,Male,Black,62,2808
25-0202,,,,2809
25-0203,Female,Latino,47,2810
25-0204,,,0,2811
25-0205,Male,Black,38,2812
25-0206,,,0,2813
25-0207,Male,Latino,30,2814
25-0208,Female,Black,41,2815
25-0209,Female,Black,49,2816
25-0210,Male,Black,19,2817
25-0211,Male,Black,53,2818
25-0212,Male,Black,24,2819
25-0213,Female,Black,44,2820
25-0214,Female,Black,27,2821
25-0215,Male,Black,27,2822
25-0216,Male,White,43,2823
25-0217,,,,2824
25-0218,Male,Black,26,2825
25-0219,Female,Latino,32,2826
25-0220,,,0,2827
25-0221,Female,,,2828
25-0222,Female,Black,39,2829
25-0223,,,0,2830
25-0224,Male,Black,32,2831
25-0225,Female,,52,2832
25-0226,Male,Black,,2833
25-0227,Male,Black,30,2834
25-0228,Female,Black,,2835
25-0229,,,0,2836
25-0673,Female,,22,2837
25-0230,Female,Black,35,2838
25-0231,Male,White,61,2839
25-0232,Female,Black,24,2840
25-0233,Female,Black,45,2841
25-0233,Male,Black,18,2842
25-0233,Male,Black,20,2843
25-0234,Female,,64,2844
25-0235,Female,,58,2845
25-0236,,,0,2846
25-0237,Female,White,30,2847
25-0238,Male,Black,31,2848
25-0239,,,0,2849
25-0240,Female,White,54,2850
25-0670,Female,Black,38,2851
25-0241,Male,Asian,,2852
25-0241,Female,Asian,,2853
25-0242,Female,Black,44,2854
25-0243,Female,,54,2855
25-0244,Male,Black,55,2856
25-0245,Male,White,18,2857
25-0246,Male,Black,30,2858
25-0247,Male,Black,23,2859
25-0248,Male,,36,2860
25-0249,Male,White,30,2861
25-0250,Female,Black,28,2862
25-0251,Female,Black,31,2863
25-0252,,,,2864
25-0253,Male,Asian,,2865
25-0254,Female,White,59,2866
25-0255,Female,White,70,2867
25-0256,Female,Black,33,2868
25-0257,Female,Black,48,2869
25-0258,Male,Black,23,2870
25-0259,Male,White,41,2871
25-0260,,,,2872
25-0261,,,,2873
25-0262,Male,White,32,2874
25-0263,Male,Asian,22,2875
25-0264,Female,Black,40,2876
25-0265,Male,Black,30,2877
25-0266,Female,Black,25,2878
25-0267,Female,Black,28,2879
25-0268,Female,Black,,2880
25-0269,Male,White,28,2881
25-0270,Male,Black,16,2882
25-0271,,Black,,2883
25-0271,Female,Black,44,2884
25-0272,Female,White,,2885
25-0273,Male,Black,40,2886
25-0274,Female,Black,,2887
25-0674,Female,,,2888
25-0675,Male,White,33,2889
25-0275,Male,White,,2890
25-0276,Female,Black,56,2891
25-0277,Male,Black,35,2892
25-0278,Female,Latino,44,2893
25-0279,Male,Black,32,2894
25-0280,,,0,2895
25-0281,Female,White,18,2896
25-0282,Female,White,,2897
25-0283,Male,,,2898
25-0283,,,,2899
25-0284,Male,Black,61,2900
25-0285,Female,Black,25,2901
25-0286,Female,Black,42,2902
25-0287,Male,,49,2903
25-0288,Male,Black,37,2904
25-0289,Male,White,69,2905
25-0290,Male,Black,60,2906
25-0291,Female,,,2907
25-0291,,,,2908
25-0292,,,0,2909
25-0293,Male,Black,50,2910
25-0294,Male,Black,42,2911
25-0295,Female,White,49,2912
25-0296,Female,,0,2913
25-0297,Female,Black,72,2914
25-0298,Male,,41,2915
25-0298,,,0,2916
25-0299,Male,Black,41,2917
25-0300,Male,White,56,2918
25-0301,Female,White,39,2919
25-0302,Male,Black,38,2920
25-0303,Male,Black,29,2921
25-0304,Male,Black,45,2922
25-0305,Female,White,33,2923
25-0306,,,,2924
25-0307,Male,,20,2925
25-0308,Male,Black,42,2926
25-0309,Male,White,31,2927
25-0310,Male,Black,31,2928
25-0311,,,,2929
25-0312,,,0,2930
25-0313,,,,2931
25-0314,Female,Black,36,2932
25-0315,Female,Black,41,2933
25-0316,Female,Black,25,2934
25-0317,Male,White,35,2935
25-0318,Male,Latino,42,2936
26-0049,Female,,,2937
25-0319,Male,White,37,2938
25-0320,,,,2939
25-0321,Male,Black,28,2940
25-0322,,,0,2941
25-0323,Male,Latino,32,2942
25-0324,Male,Black,23,2943
25-0325,Female,Black,51,2944
25-0326,Female,Black,31,2945
25-0327,Female,White,61,2946
25-0327,Female,White,32,2947
25-0328,Male,,,2948
25-0329,Female,Black,69,2949
25-0330,Female,Black,,2950
25-0331,Male,Black,29,2951
25-0332,Female,,,2952
25-0333,Male,Black,39,2953
25-0334,Female,Black,43,2954
25-0335,Male,White,59,2955
25-0336,Male,Black,39,2956
25-0337,,,37,2957
25-0338,Male,Black,31,2958
25-0339,Male,White,55,2959
25-0340,Male,Black,33,2960
25-0341,Male,Latino,54,2961
25-0342,,,0,2962
25-0343,Male,Black,40,2963
25-0344,Male,Black,30,2964
25-0345,Female,Black,44,2965
25-0346,Female,Black,35,2966
25-0347,Male,White,20,2967
25-0348,Female,Black,66,2968
25-0349,Male,White,40,2969
25-0350,Male,White,,2970
25-0351,Female,Black,44,2971
25-0352,Male,White,51,2972
25-0353,Male,Asian,32,2973
25-0354,Male,White,62,2974
25-0355,Female,,,2975
25-0356,Male,,41,2976
25-0357,Female,Latino,22,2977
25-0358,Male,Black,46,2978
25-0359,,Other,0,2979
25-0360,Female,Latino,35,2980
25-0361,Female,Black,34,2981
25-0362,Female,,33,2982
25-0363,Male,Latino,37,2983
25-0364,Female,Black,34,2984
25-0365,Female,,,2985
25-0366,Female,,,2986
25-0367,,Latino,35,2987
25-0368,Male,,31,2988
25-0369,Female,White,47,2989
25-0370,Male,White,22,2990
25-0371,Male,Black,42,2991
25-0372,Female,Black,29,2992
25-0373,Female,Black,57,2993
25-0374,Female,Black,37,2994
25-0375,Male,White,35,2995
25-0376,Male,Black,38,2996
25-0377,,,0,2997
25-0377,,Latino,35,2998
25-0378,Female,Black,38,2999
25-0379,Female,Black,32,3000
25-0380,Female,,32,3001
25-0381,Male,Black,52,3002
25-0382,Male,Black,22,3003
25-0383,Female,Black,46,3004
25-0384,Female,Black,68,3005
25-0385,Male,Black,32,3006
25-0386,Male,Black,34,3007
25-0387,Male,Latino,22,3008
25-0388,Female,Black,53,3009
25-0389,,,0,3010
25-0715,Male,Black,,3011
25-0390,Female,Black,25,3012
25-0391,Male,White,62,3013
25-0392,Male,Black,50,3014
25-0393,Male,,28,3015
25-0394,Female,Black,32,3016
25-0395,Female,Black,32,3017
25-0396,Female,,50,3018
25-0397,,,0,3019
25-0398,Female,Black,57,3020
25-0399,Male,,24,3021
25-0400,Female,Black,43,3022
25-0401,Male,White,62,3023
25-0401,Female,White,17,3024
25-0402,Male,Black,30,3025
25-0403,Male,Latino,71,3026
25-0404,Male,,,3027
25-0405,Male,,38,3028
25-0406,Male,White,32,3029
25-0407,Female,Black,57,3030
26-0050,Female,Black,53,3031
25-0408,Male,White,32,3032
25-0409,Male,Black,53,3033
25-0410,Male,White,22,3034
25-0411,Male,Black,27,3035
25-0412,Female,Black,43,3036
25-0412,Male,Black,23,3037
25-0413,Female,,61,3038
25-0413,Male,Black,18,3039
25-0413,Male,Black,17,3040
25-0414,Female,Black,50,3041
25-0415,Male,White,65,3042
25-0416,Female,Black,18,3043
25-0416,Male,Black,39,3044
25-0417,Male,Latino,55,3045
25-0418,Female,Black,30,3046
25-0419,Female,,,3047
25-0420,Female,,22,3048
25-0421,Male,,39,3049
25-0422,Female,,28,3050
25-0423,Female,Latino,58,3051
25-0424,Female,Latino,24,3052
25-0425,Male,Latino,29,3053
25-0426B,Male,Black,30,3054
25-0427,Male,Black,56,3055
25-0428,Female,,28,3056
25-0429,Male,Black,35,3057
25-0429,Female,,,3058
25-0430,Male,White,73,3059
25-0431,Male,White,18,3060
25-0432,Male,Black,31,3061
25-0433,Male,Black,23,3062
25-0434,Male,White,31,3063
25-0435,Female,Black,39,3064
25-0436,Female,,,3065
25-0437,Male,Black,24,3066
25-0438,Male,Black,34,3067
25-0439,Male,Black,,3068
25-0440,Female,White,35,3069
25-0441,,,,3070
25-0442,Male,Asian,38,3071
25-0443,Female,Black,44,3072
25-0444,,,,3073
25-0676,Female,,,3074
25-0445,Female,,,3075
25-0446,Male,,34,3076
25-0447,Male,Black,42,3077
25-0448,Male,Black,29,3078
25-0449,Male,Black,23,3079
25-0450,Male,,,3080
25-0451,Male,White,21,3081
25-0452,Male,Black,26,3082
25-0453,Female,,,3083
25-0454,Male,White,42,3084
25-0455,Female,,36,3085
25-0456,Female,Black,40,3086
25-0457,Male,,32,3087
25-0458,Male,Black,31,3088
25-0459,Female,,43,3089
25-0460,Female,Latino,60,3090
25-0461,Male,Black,38,3091
25-0462,Male,Black,48,3092
25-0463,Female,Black,21,3093
25-0464,Male,Black,,3094
25-0465,Female,Black,33,3095
25-0466,Female,,,3096
25-0468,Male,,29,3097
25-0469,Male,Black,57,3098
25-0470,Male,Latino,24,3099
25-0471,Male,Black,36,3100
25-0472,Female,,43,3101
25-0473,Male,Black,39,3102
25-0474,Female,Black,,3103
25-0475,,,,3104
25-0476,,,,3105
25-0477,,Black,36,3106
25-0478,Female,Black,26,3107
25-0479,Male,Black,45,3108
25-0480,Male,Black,30,3109
25-0481,Female,White,38,3110
25-0482B,Male,Latino,,3111
25-0483,Male,Black,44,3112
25-0484,Female,Black,20,3113
25-0485,Male,Black,45,3114
25-0486,Male,Black,19,3115
25-0487,Male,,,3116
25-0488,Female,Black,47,3117
25-0489,Male,,57,3118
25-0490,Male,Black,28,3119
25-0491,Female,Black,,3120
25-0492,Female,White,64,3121
25-0493,Male,Black,40,3122
25-0494,Female,,,3123
25-0495,Male,Black,28,3124
25-0496,Male,Latino,24,3125
25-0497,Male,White,69,3126
25-0498,Male,Black,24,3127
25-0499,Female,Black,26,3128
25-0551,Female,Black,18,3129
25-0500,Female,Black,62,3130
25-0501,Female,White,50,3131
25-0502,,,0,3132
25-0503,Male,White,29,3133
25-0504,Male,Black,26,3134
25-0505,,Black,46,3135
25-0506,Male,,,3136
25-0507,,,0,3137
25-0508,,,0,3138
25-0519,Female,Latino,28,3139
25-0520,Male,,,3140
25-0521,Male,White,53,3141
25-0522,Female,Black,,3142
25-0523,Female,Black,35,3143
25-0524,Male,Black,39,3144
25-0525,Female,,30,3145
25-0526,Male,Black,31,3146
25-0527,Female,White,44,3147
25-0528,Female,Black,38,3148
25-0529,Female,White,46,3149
25-0530,,,,3150
25-0605,Female,Black,42,3151
25-0532,Female,Black,40,3152
25-0533,Female,Black,30,3153
25-0534,Female,Black,47,3154
25-0535,Female,Black,,3155
25-0536,Female,Black,26,3156
25-0537,Female,Latino,37,3157
25-0538,Female,Black,48,3158
25-0539,Female,Latino,,3159
25-0540,Female,Black,32,3160
25-0541,Male,Black,27,3161
25-0542,Female,Black,54,3162
25-0543,Female,Other,0,3163
25-0544,,,0,3164
25-0545,Male,Black,48,3165
25-0552,Female,Other,50,3166
25-0553,Female,Black,,3167
25-0554,Male,White,28,3168
25-0555,Female,Latino,53,3169
25-0556,Female,Black,38,3170
25-0557,Male,White,26,3171
25-0558,Male,Black,26,3172
25-0559,,,0,3173
25-0560,Male,Black,51,3174
25-0561,Female,Black,59,3175
25-0562,Male,Black,38,3176
25-0563,Female,Black,47,3177
25-0564,Female,Black,38,3178
25-0565,Female,Black,57,3179
25-0566,Female,Black,34,3180
25-0579,Male,Black,44,3181
25-0580,,,,3182
25-0581,Male,Black,31,3183
25-0582,Male,,39,3184
25-0583,,,0,3185
25-0584,Female,,34,3186
25-0585,Female,Black,35,3187
25-0586,Female,Black,25,3188
25-0587,Male,,43,3189
25-0588,Male,Middle East,26,3190
25-0589,Male,Latino,56,3191
25-0590,Male,Black,31,3192
25-0591,Male,Black,40,3193
25-0592,Female,Black,23,3194
25-0593,Male,Black,47,3195
25-0594,Male,Black,33,3196
25-0595,Female,White,,3197
25-0596,Female,Latino,28,3198
25-0597,Male,,32,3199
25-0598,Male,Black,236,3200
25-0599,Female,Black,29,3201
25-0677,Female,Black,43,3202
25-0600,Male,Black,44,3203
25-0601,Female,Black,49,3204
25-0602,Male,Black,39,3205
25-0603,Female,White,62,3206
25-0604,Male,Black,46,3207
25-0606,Male,Black,33,3208
25-0607,Female,White,33,3209
25-0608,Male,Black,38,3210
25-0609,Female,Black,57,3211
25-0610,Male,Black,28,3212
25-0611,Male,White,65,3213
25-0612,Female,Black,35,3214
25-0613,Male,Black,14,3215
25-0613,Female,,,3216
25-0614,Female,Black,33,3217
25-0615,Male,Asian,26,3218
25-0616,Male,Black,39,3219
25-0617,Female,Black,41,3220
25-0618,Male,White,59,3221
25-0619,Male,Black,33,3222
25-0620,Male,White,33,3223
25-0627,Male,Black,26,3224
25-0628,Female,White,36,3225
25-0629,,,,3226
25-0630,Female,Black,29,3227
25-0631,Female,Black,51,3228
25-0632,Female,Latino,45,3229
25-0633,Male,White,71,3230
25-0634,Female,Latino,25,3231
25-0635,Female,Black,25,3232
25-0636,Male,Black,31,3233
25-0637,Female,Black,36,3234
25-0638,Female,Latino,33,3235
25-0652,Male,White,53,3236
25-0640,Female,White,46,3237
25-0641,Female,Black,45,3238
25-0642,Male,Latino,36,3239
25-0643,Male,White,31,3240
25-0644,,,,3241
25-0678,Female,Black,41,3242
25-0645,,,,3243
25-0646,Male,Latino,30,3244
25-0647,Male,Black,26,3245
25-0648,Male,White,40,3246
25-0679,Female,White,53,3247
25-0685,Male,Black,68,3248
25-0686,Male,Black,36,3249
25-0687,Male,Black,51,3250
25-0688,Male,White,27,3251
25-0689,Male,White,18,3252
25-0690,Male,,,3253
25-0691,Female,White,26,3254
25-0692,Female,Black,45,3255
25-0693,Female,White,55,3256
25-0694,Male,Latino,22,3257
25-0695,Female,Latino,31,3258
25-0696,Female,Black,57,3259
25-0697,Male,Latino,34,3260
25-0698,Male,Black,18,3261
25-0699,Male,Black,,3262
25-0700,Male,Black,30,3263
25-0701,Female,Black,24,3264
25-0702,,Latino,,3265
25-0703,Female,Black,35,3266
25-0704,,,,3267
25-0705B,Female,White,43,3268
25-0706,Male,Black,35,3269
25-0707,Female,Black,38,3270
25-0708,Male,White,52,3271
25-0709,Female,Black,23,3272
25-0710,Female,Black,52,3273
25-0710,Female,,,3274
25-0711,Male,White,73,3275
25-0716,Female,Black,62,3276
25-0717,Female,Black,32,3277
25-0718,Male,Black,27,3278
25-0719,Female,,,3279
25-0720,Male,,52,3280
25-0721,Female,White,40,3281
25-0722,Male,Black,25,3282
25-0723,Male,White,42,3283
25-0724,Female,,,3284
25-0725,Female,Black,60,3285
25-0726,Male,Black,41,3286
25-0727,Male,Black,33,3287
25-0728,Female,Black,31,3288
26-0011,Male,Black,,3289
25-0729,Female,White,36,3290
25-0730,Female,White,29,3291
26-0001,Male,Black,25,3292
26-0002,Male,Black,45,3293
26-0003,,,0,3294
26-0004,Female,White,18,3295
26-0005,Male,Asian,59,3296
26-0006,Female,,66,3297
26-0007,Female,Black,63,3298
26-0008,Female,Black,28,3299
26-0009,Male,,29,3300
26-0010,Male,Black,34,3301
26-0013,Female,Black,53,3302
26-0014,Female,Latino,19,3303
26-0015,Female,White,35,3304
26-0016,Female,Black,22,3305
26-0017,,,0,3306
26-0018,Female,Black,54,3307
26-0019,Male,White,17,3308
26-0020,Male,Black,35,3309
26-0021,Female,White,40,3310
26-0022,Female,Black,28,3311
26-0035,Male,Black,13,3312
26-0035,Female,Black,,3313
26-0023,Male,Black,54,3314
26-0024,Female,Black,19,3315
26-0025,Male,Black,26,3316
26-0026,Male,Black,41,3317
26-0027,Male,Latino,22,3318
26-0028,Male,Black,23,3319
26-0029,Male,Black,34,3320
26-0030,Female,Latino,,3321
26-0031,Female,Black,80,3322
26-0032,Male,Black,25,3323
26-0033,Male,White,52,3324
26-0034,Male,Black,31,3325
26-0036,Male,Black,28,3326
26-0037,Female,Black,27,3327
26-0038,Male,White,38,3328
26-0039,Male,Black,31,3329
26-0040,Male,Black,37,3330
26-0041,Male,Black,21,3331
26-0042,Male,Latino,31,3332
26-0043,Female,Latino,26,3333
26-0044,Male,Black,18,3334
26-0045,Female,,,3335
26-0046,Female,Black,58,3336
26-0047,Male,Black,38,3337
26-0048,Female,,,3338
26-0052,Female,Black,28,3339
26-0053,Female,Black,55,3340
26-0054,Male,Black,38,3341
26-0055,Female,Black,52,3342
26-0056,,,,3343
26-0057,Male,Black,17,3344
26-0058,Male,White,33,3345
26-0059,Female,White,29,3346
26-0060,Female,Black,32,3347
26-0061,Male,Black,40,3348
26-0062,Female,Black,0,3349
26-0063,Male,White,49,3350
26-0064,Male,Black,40,3351
26-0101,Female,Black,37,3352
26-0077,Male,Black,0,3353
26-0065,Female,Black,32,3354
26-0066,,,0,3355
26-0067,Female,Black,36,3356
26-0068,Female,Black,28,3357
26-0069,Female,Black,56,3358
26-0070,Female,Latino,28,3359
26-0071,Female,White,35,3360
26-0072,Female,Black,43,3361
26-0073,Male,Black,32,3362
26-0074,Female,Black,59,3363
26-0075,Female,Black,38,3364
26-0076,Male,White,46,3365
26-0078,Female,White,30,3366
26-0079,,,0,3367
26-0080,Male,Black,28,3368
26-0081,Female,White,37,3369
26-0082,Male,,0,3370
26-0082,,,35,3371
26-0082,Female,,0,3372
26-0083,Male,White,55,3373
26-0084,Female,Black,34,3374
26-0085,Male,Black,33,3375
26-0086,Male,Black,45,3376
26-0087,Female,Black,54,3377
26-0102,,Black,0,3378
26-0118,Female,Latino,48,3379
26-0088,Female,,38,3380
26-0089,Male,Black,19,3381
26-0090,Female,Latino,48,3382
26-0091,Male,Black,26,3383
26-0092,Male,Black,34,3384
26-0093,Male,Black,22,3385
26-0094,Female,,0,3386
26-0095,Male,Black,58,3387
26-0096,Male,Black,39,3388
26-0097,,Other,31,3389
26-0098,,Asian,0,3390
26-0099,Male,White,29,3391
26-0100,Female,,0,3392
26-0103,Female,Black,31,3393
26-0104,Female,Black,36,3394
26-0105,Female,Asian,26,3395
26-0106,Male,Black,41,3396
26-0107,Male,Black,27,3397
26-0108,Male,Black,50,3398
26-0109,,,0,3399
26-0110,Female,Black,29,3400
26-0111,Female,Black,59,3401
26-0112,Female,Black,0,3402
26-0113,Female,Black,47,3403
26-0115,Male,Black,18,3404
26-0116,Female,Black,0,3405
26-0117,Male,Black,38,3406
26-0128,Female,Latino,45,3407
26-0129,Male,Black,24,3408
26-0130,Male,Black,52,3409
26-0131,Female,Black,28,3410
26-0132,Male,Black,32,3411
26-0133,Male,Black,47,3412
26-0134,Female,White,42,3413
26-0135,Female,Black,32,3414
26-0136,Male,White,34,3415
26-0137,Male,White,47,3416
26-0138,Female,Black,28,3417
26-0139,Female,Other,0,3418
26-0140,Female,White,47,3419
26-0141,Male,Black,36,3420
26-0142,Male,,0,3421
26-0143,Female,Black,43,3422
26-0144,Female,Black,79,3423
26-0145,Male,Black,25,3424
26-0146,Female,Black,24,3425
